timestamp,symbol,open,high,low,close,volume
2026-01-01T00:00:00Z,BTCUSDT,39800.0,39904.14,39729.8,39852.75,489.91
2026-01-01T00:00:00Z,ETHUSDT,2180.0,2187.79,2177.01,2184.86,587.45
2026-01-01T00:15:00Z,BTCUSDT,39852.75,39927.61,39739.94,39795.77,678.14
2026-01-01T00:15:00Z,ETHUSDT,2184.86,2186.36,2182.04,2183.43,282.37
2026-01-01T00:30:00Z,BTCUSDT,39795.77,39852.09,39749.4,39833.5,321.12
2026-01-01T00:30:00Z,ETHUSDT,2183.43,2184.87,2182.56,2183.96,534.28
2026-01-01T00:45:00Z,BTCUSDT,39833.5,39864.38,39803.88,39830.17,143.87
2026-01-01T00:45:00Z,ETHUSDT,2183.96,2184.4,2180.1,2180.42,296.64
2026-01-01T01:00:00Z,BTCUSDT,39830.17,39966.89,39426.0,39594.27,942.88
2026-01-01T01:00:00Z,ETHUSDT,2180.42,2195.41,2153.3,2164.88,984.29
2026-01-01T01:15:00Z,BTCUSDT,39594.27,39621.23,39533.9,39574.57,451.14
2026-01-01T01:15:00Z,ETHUSDT,2164.88,2165.34,2162.34,2163.26,228.57
2026-01-01T01:30:00Z,BTCUSDT,39574.57,39623.54,39521.13,39535.5,147.8
2026-01-01T01:30:00Z,ETHUSDT,2163.26,2163.56,2162.07,2162.89,424.21
2026-01-01T01:45:00Z,BTCUSDT,39535.5,39553.53,39481.31,39519.77,371.96
2026-01-01T01:45:00Z,ETHUSDT,2162.89,2169.96,2147.88,2152.85,831.81
2026-01-01T02:00:00Z,BTCUSDT,39519.77,39593.43,39495.53,39540.6,401.6
2026-01-01T02:00:00Z,ETHUSDT,2152.85,2153.68,2150.86,2151.92,448.77
2026-01-01T02:15:00Z,BTCUSDT,39540.6,39599.06,39474.89,39532.48,336.29
2026-01-01T02:15:00Z,ETHUSDT,2151.92,2152.87,2146.19,2147.08,528.02
2026-01-01T02:30:00Z,BTCUSDT,39532.48,39551.66,39434.36,39475.57,662.34
2026-01-01T02:30:00Z,ETHUSDT,2147.08,2152.06,2138.13,2141.56,679.54
2026-01-01T02:45:00Z,BTCUSDT,39475.57,39598.1,39313.76,39360.69,353.3
2026-01-01T02:45:00Z,ETHUSDT,2141.56,2149.96,2125.44,2132.82,695.88
2026-01-01T03:00:00Z,BTCUSDT,39360.69,39402.21,39233.69,39260.51,272.77
2026-01-01T03:00:00Z,ETHUSDT,2132.82,2136.53,2115.56,2123.35,286.93
2026-01-01T03:15:00Z,BTCUSDT,39260.51,39322.27,39162.7,39221.97,481.96
2026-01-01T03:15:00Z,ETHUSDT,2123.35,2125.41,2112.0,2115.19,313.72
2026-01-01T03:30:00Z,BTCUSDT,39221.97,39358.89,39196.94,39284.88,664.03
2026-01-01T03:30:00Z,ETHUSDT,2115.19,2116.1,2114.27,2115.61,490.6
2026-01-01T03:45:00Z,BTCUSDT,39284.88,39359.96,39244.48,39329.36,601.25
2026-01-01T03:45:00Z,ETHUSDT,2115.61,2122.73,2114.5,2118.54,608.23
2026-01-01T04:00:00Z,BTCUSDT,39329.36,39608.36,39302.08,39520.23,316.39
2026-01-01T04:00:00Z,ETHUSDT,2118.54,2139.14,2110.19,2130.13,657.44
2026-01-01T04:15:00Z,BTCUSDT,39520.23,39543.65,39336.42,39366.94,342.75
2026-01-01T04:15:00Z,ETHUSDT,2130.13,2132.58,2116.87,2119.97,891.04
2026-01-01T04:30:00Z,BTCUSDT,39366.94,39466.76,39303.07,39426.42,597.44
2026-01-01T04:30:00Z,ETHUSDT,2119.97,2122.26,2118.48,2121.15,418.83
2026-01-01T04:45:00Z,BTCUSDT,39426.42,39719.62,39340.39,39573.86,432.07
2026-01-01T04:45:00Z,ETHUSDT,2121.15,2138.45,2114.92,2130.7,770.8
2026-01-01T05:00:00Z,BTCUSDT,39573.86,39697.0,39541.84,39664.71,363.47
2026-01-01T05:00:00Z,ETHUSDT,2130.7,2134.58,2129.26,2132.9,338.65
2026-01-01T05:15:00Z,BTCUSDT,39664.71,39753.67,39622.35,39728.91,607.37
2026-01-01T05:15:00Z,ETHUSDT,2132.9,2141.8,2131.56,2136.97,509.97
2026-01-01T05:30:00Z,BTCUSDT,39728.91,39812.25,39465.78,39558.06,598.93
2026-01-01T05:30:00Z,ETHUSDT,2136.97,2141.16,2112.48,2123.59,651.06
2026-01-01T05:45:00Z,BTCUSDT,39558.06,39734.72,39449.38,39652.52,750.26
2026-01-01T05:45:00Z,ETHUSDT,2123.59,2129.19,2122.26,2127.82,395.02
2026-01-01T06:00:00Z,BTCUSDT,39652.52,39930.15,39515.25,39798.25,760.33
2026-01-01T06:00:00Z,ETHUSDT,2127.82,2136.55,2122.92,2135.45,841.26
2026-01-01T06:15:00Z,BTCUSDT,39798.25,39994.83,39540.3,39611.73,345.76
2026-01-01T06:15:00Z,ETHUSDT,2135.45,2141.67,2115.22,2119.54,250.34
2026-01-01T06:30:00Z,BTCUSDT,39611.73,39851.18,39545.14,39783.81,485.45
2026-01-01T06:30:00Z,ETHUSDT,2119.54,2132.71,2117.36,2128.4,604.88
2026-01-01T06:45:00Z,BTCUSDT,39783.81,39909.14,39556.02,39636.41,750.62
2026-01-01T06:45:00Z,ETHUSDT,2128.4,2132.4,2118.12,2122.52,793.02
2026-01-01T07:00:00Z,BTCUSDT,39636.41,39709.33,39613.94,39670.77,431.69
2026-01-01T07:00:00Z,ETHUSDT,2122.52,2128.84,2119.68,2127.37,293.79
2026-01-01T07:15:00Z,BTCUSDT,39670.77,39873.07,39570.34,39800.28,388.59
2026-01-01T07:15:00Z,ETHUSDT,2127.37,2135.74,2123.37,2132.96,760.64
2026-01-01T07:30:00Z,BTCUSDT,39800.28,39808.34,39732.61,39741.34,549.18
2026-01-01T07:30:00Z,ETHUSDT,2132.96,2134.26,2128.16,2130.94,410.73
2026-01-01T07:45:00Z,BTCUSDT,39741.34,39851.11,39718.75,39820.08,560.05
2026-01-01T07:45:00Z,ETHUSDT,2130.94,2136.37,2128.76,2133.24,514.57
2026-01-01T08:00:00Z,BTCUSDT,39820.08,39843.35,39794.29,39804.46,600.34
2026-01-01T08:00:00Z,ETHUSDT,2133.24,2139.8,2130.32,2137.24,551.14
2026-01-01T08:15:00Z,BTCUSDT,39804.46,39829.55,39796.31,39813.8,186.18
2026-01-01T08:15:00Z,ETHUSDT,2137.24,2140.02,2135.15,2137.87,351.44
2026-01-01T08:30:00Z,BTCUSDT,39813.8,39881.61,39733.71,39769.72,303.47
2026-01-01T08:30:00Z,ETHUSDT,2137.87,2139.44,2132.96,2134.79,605.1
2026-01-01T08:45:00Z,BTCUSDT,39769.72,39940.34,39723.94,39911.32,483.44
2026-01-01T08:45:00Z,ETHUSDT,2134.79,2154.42,2131.4,2150.59,977.17
2026-01-01T09:00:00Z,BTCUSDT,39911.32,40010.58,39844.28,39967.54,655.79
2026-01-01T09:00:00Z,ETHUSDT,2150.59,2156.48,2148.68,2154.12,162.26
2026-01-01T09:15:00Z,BTCUSDT,39967.54,40313.08,39901.08,40222.79,774.21
2026-01-01T09:15:00Z,ETHUSDT,2154.12,2178.34,2148.9,2169.31,854.23
2026-01-01T09:30:00Z,BTCUSDT,40222.79,40244.96,40197.77,40220.1,212.62
2026-01-01T09:30:00Z,ETHUSDT,2169.31,2170.76,2166.0,2167.22,388.71
2026-01-01T09:45:00Z,BTCUSDT,40220.1,40324.31,40195.25,40293.98,521.53
2026-01-01T09:45:00Z,ETHUSDT,2167.22,2175.23,2161.66,2173.25,252.16
2026-01-01T10:00:00Z,BTCUSDT,40293.98,40300.68,40266.04,40272.71,438.59
2026-01-01T10:00:00Z,ETHUSDT,2173.25,2175.01,2168.6,2171.86,482.17
2026-01-01T10:15:00Z,BTCUSDT,40272.71,40338.47,40219.02,40305.38,594.58
2026-01-01T10:15:00Z,ETHUSDT,2171.86,2173.89,2165.64,2168.25,212.23
2026-01-01T10:30:00Z,BTCUSDT,40305.38,40346.88,40273.09,40306.57,142.03
2026-01-01T10:30:00Z,ETHUSDT,2168.25,2170.74,2163.8,2166.57,561.42
2026-01-01T10:45:00Z,BTCUSDT,40306.57,40354.1,40155.64,40204.83,505.26
2026-01-01T10:45:00Z,ETHUSDT,2166.57,2170.35,2155.71,2159.8,742.34
2026-01-01T11:00:00Z,BTCUSDT,40204.83,40219.49,40096.57,40137.01,388.55
2026-01-01T11:00:00Z,ETHUSDT,2159.8,2160.72,2151.62,2154.2,499.26
2026-01-01T11:15:00Z,BTCUSDT,40137.01,40167.09,40028.75,40088.29,635.95
2026-01-01T11:15:00Z,ETHUSDT,2154.2,2156.61,2152.55,2155.64,667.4
2026-01-01T11:30:00Z,BTCUSDT,40088.29,40149.8,40068.37,40129.64,404.27
2026-01-01T11:30:00Z,ETHUSDT,2155.64,2161.09,2154.85,2159.63,577.68
2026-01-01T11:45:00Z,BTCUSDT,40129.64,40400.94,40081.51,40284.65,462.32
2026-01-01T11:45:00Z,ETHUSDT,2159.63,2196.42,2141.62,2177.09,798.95
2026-01-01T12:00:00Z,BTCUSDT,40284.65,40304.34,40225.81,40253.75,486.42
2026-01-01T12:00:00Z,ETHUSDT,2177.09,2178.35,2170.54,2172.5,644.05
2026-01-01T12:15:00Z,BTCUSDT,40253.75,40380.69,40146.39,40344.66,254.64
2026-01-01T12:15:00Z,ETHUSDT,2172.5,2183.93,2171.12,2178.4,425.33
2026-01-01T12:30:00Z,BTCUSDT,40344.66,40601.34,40235.38,40478.44,451.59
2026-01-01T12:30:00Z,ETHUSDT,2178.4,2188.25,2174.45,2187.01,180.84
2026-01-01T12:45:00Z,BTCUSDT,40478.44,40498.47,40423.05,40454.86,339.63
2026-01-01T12:45:00Z,ETHUSDT,2187.01,2188.91,2185.64,2187.64,483.44
2026-01-01T13:00:00Z,BTCUSDT,40454.86,40617.18,40395.39,40574.63,219.28
2026-01-01T13:00:00Z,ETHUSDT,2187.64,2209.5,2178.92,2200.46,368.7
2026-01-01T13:15:00Z,BTCUSDT,40574.63,40669.32,40542.24,40606.86,278.38
2026-01-01T13:15:00Z,ETHUSDT,2200.46,2207.19,2197.0,2205.74,668.34
2026-01-01T13:30:00Z,BTCUSDT,40606.86,40690.46,40483.53,40516.03,379.56
2026-01-01T13:30:00Z,ETHUSDT,2205.74,2209.43,2196.09,2200.08,237.0
2026-01-01T13:45:00Z,BTCUSDT,40516.03,40597.83,40396.9,40426.65,439.92
2026-01-01T13:45:00Z,ETHUSDT,2200.08,2202.74,2189.28,2191.38,186.37
2026-01-01T14:00:00Z,BTCUSDT,40426.65,40548.36,40367.79,40487.93,280.14
2026-01-01T14:00:00Z,ETHUSDT,2191.38,2196.22,2190.24,2191.7,427.08
2026-01-01T14:15:00Z,BTCUSDT,40487.93,40513.96,40426.48,40491.5,145.3
2026-01-01T14:15:00Z,ETHUSDT,2191.7,2197.62,2188.46,2193.93,601.73
2026-01-01T14:30:00Z,BTCUSDT,40491.5,40874.63,40346.43,40733.22,367.87
2026-01-01T14:30:00Z,ETHUSDT,2193.93,2233.29,2178.08,2212.53,329.81
2026-01-01T14:45:00Z,BTCUSDT,40733.22,40989.07,40661.14,40926.05,381.72
2026-01-01T14:45:00Z,ETHUSDT,2212.53,2251.09,2205.83,2231.38,771.31
2026-01-01T15:00:00Z,BTCUSDT,40926.05,41068.08,40893.98,41025.92,170.63
2026-01-01T15:00:00Z,ETHUSDT,2231.38,2248.51,2221.21,2241.69,557.95
2026-01-01T15:15:00Z,BTCUSDT,41025.92,41351.01,40913.41,41243.01,720.21
2026-01-01T15:15:00Z,ETHUSDT,2241.69,2259.7,2237.96,2255.79,748.78
2026-01-01T15:30:00Z,BTCUSDT,41243.01,41293.95,41221.24,41265.2,608.62
2026-01-01T15:30:00Z,ETHUSDT,2255.79,2264.73,2252.56,2261.53,682.12
2026-01-01T15:45:00Z,BTCUSDT,41265.2,41350.33,41220.21,41295.45,482.47
2026-01-01T15:45:00Z,ETHUSDT,2261.53,2263.66,2259.95,2262.68,249.64
2026-01-01T16:00:00Z,BTCUSDT,41295.45,41306.08,41180.5,41205.81,193.43
2026-01-01T16:00:00Z,ETHUSDT,2262.68,2263.3,2254.74,2256.02,762.21
2026-01-01T16:15:00Z,BTCUSDT,41205.81,41330.11,41174.45,41286.28,390.0
2026-01-01T16:15:00Z,ETHUSDT,2256.02,2270.2,2251.44,2262.85,256.13
2026-01-01T16:30:00Z,BTCUSDT,41286.28,41322.6,41159.24,41192.97,246.13
2026-01-01T16:30:00Z,ETHUSDT,2262.85,2267.72,2252.68,2256.86,213.64
2026-01-01T16:45:00Z,BTCUSDT,41192.97,41294.51,41139.93,41257.53,484.11
2026-01-01T16:45:00Z,ETHUSDT,2256.86,2263.35,2254.13,2260.04,661.61
2026-01-01T17:00:00Z,BTCUSDT,41257.53,41269.19,41199.17,41221.83,619.07
2026-01-01T17:00:00Z,ETHUSDT,2260.04,2261.47,2254.4,2257.38,166.45
2026-01-01T17:15:00Z,BTCUSDT,41221.83,41242.47,41204.45,41223.46,516.43
2026-01-01T17:15:00Z,ETHUSDT,2257.38,2259.64,2255.12,2256.0,133.86
2026-01-01T17:30:00Z,BTCUSDT,41223.46,41357.39,41196.1,41328.45,231.42
2026-01-01T17:30:00Z,ETHUSDT,2256.0,2274.15,2248.07,2266.43,437.78
2026-01-01T17:45:00Z,BTCUSDT,41328.45,41504.16,41284.83,41427.36,726.6
2026-01-01T17:45:00Z,ETHUSDT,2266.43,2274.76,2262.94,2272.41,348.01
2026-01-01T18:00:00Z,BTCUSDT,41427.36,41537.99,41359.21,41480.37,392.17
2026-01-01T18:00:00Z,ETHUSDT,2272.41,2281.36,2270.62,2278.91,410.17
2026-01-01T18:15:00Z,BTCUSDT,41480.37,41545.31,41211.31,41286.4,670.98
2026-01-01T18:15:00Z,ETHUSDT,2278.91,2282.92,2261.91,2266.92,455.58
2026-01-01T18:30:00Z,BTCUSDT,41286.4,41308.4,41257.63,41299.68,156.02
2026-01-01T18:30:00Z,ETHUSDT,2266.92,2268.79,2266.54,2268.21,502.32
2026-01-01T18:45:00Z,BTCUSDT,41299.68,41351.06,41134.89,41190.09,424.97
2026-01-01T18:45:00Z,ETHUSDT,2268.21,2269.33,2263.06,2264.41,460.85
2026-01-01T19:00:00Z,BTCUSDT,41190.09,41271.87,41155.37,41222.1,634.22
2026-01-01T19:00:00Z,ETHUSDT,2264.41,2273.34,2260.85,2269.88,752.2
2026-01-01T19:15:00Z,BTCUSDT,41222.1,41308.07,41202.69,41271.15,643.73
2026-01-01T19:15:00Z,ETHUSDT,2269.88,2281.21,2266.55,2275.66,191.63
2026-01-01T19:30:00Z,BTCUSDT,41271.15,41328.07,41239.64,41285.62,603.55
2026-01-01T19:30:00Z,ETHUSDT,2275.66,2277.72,2271.22,2274.33,482.24
2026-01-01T19:45:00Z,BTCUSDT,41285.62,41397.31,41273.26,41372.27,584.67
2026-01-01T19:45:00Z,ETHUSDT,2274.33,2284.16,2272.91,2280.25,266.26
2026-01-01T20:00:00Z,BTCUSDT,41372.27,41650.13,41268.8,41508.95,586.25
2026-01-01T20:00:00Z,ETHUSDT,2280.25,2296.56,2274.91,2293.37,596.43
2026-01-01T20:15:00Z,BTCUSDT,41508.95,41604.85,41438.84,41547.32,481.27
2026-01-01T20:15:00Z,ETHUSDT,2293.37,2299.55,2288.12,2297.93,722.13
2026-01-01T20:30:00Z,BTCUSDT,41547.32,41638.2,41514.53,41562.45,526.74
2026-01-01T20:30:00Z,ETHUSDT,2297.93,2300.04,2293.82,2294.66,357.25
2026-01-01T20:45:00Z,BTCUSDT,41562.45,41622.81,41524.63,41594.16,590.22
2026-01-01T20:45:00Z,ETHUSDT,2294.66,2299.23,2293.39,2297.74,641.33
2026-01-01T21:00:00Z,BTCUSDT,41594.16,41643.19,41524.08,41608.63,305.36
2026-01-01T21:00:00Z,ETHUSDT,2297.74,2308.66,2290.33,2304.68,629.57
2026-01-01T21:15:00Z,BTCUSDT,41608.63,41622.63,41522.95,41557.63,581.52
2026-01-01T21:15:00Z,ETHUSDT,2304.68,2306.27,2296.42,2299.39,154.57
2026-01-01T21:30:00Z,BTCUSDT,41557.63,41653.07,41537.74,41620.13,384.31
2026-01-01T21:30:00Z,ETHUSDT,2299.39,2303.49,2297.89,2302.2,655.45
2026-01-01T21:45:00Z,BTCUSDT,41620.13,41948.74,41563.64,41796.75,541.02
2026-01-01T21:45:00Z,ETHUSDT,2302.2,2321.23,2295.46,2312.94,862.5
2026-01-01T22:00:00Z,BTCUSDT,41796.75,41815.4,41682.13,41719.71,389.86
2026-01-01T22:00:00Z,ETHUSDT,2312.94,2314.92,2304.93,2309.11,469.02
2026-01-01T22:15:00Z,BTCUSDT,41719.71,41757.32,41594.47,41625.3,581.9
2026-01-01T22:15:00Z,ETHUSDT,2309.11,2311.27,2298.99,2301.5,702.88
2026-01-01T22:30:00Z,BTCUSDT,41625.3,41646.05,41571.5,41593.46,176.33
2026-01-01T22:30:00Z,ETHUSDT,2301.5,2305.32,2300.02,2303.18,507.07
2026-01-01T22:45:00Z,BTCUSDT,41593.46,41699.96,41551.35,41636.54,482.29
2026-01-01T22:45:00Z,ETHUSDT,2303.18,2310.66,2299.42,2308.34,699.94
2026-01-01T23:00:00Z,BTCUSDT,41636.54,41671.08,41506.87,41582.88,259.48
2026-01-01T23:00:00Z,ETHUSDT,2308.34,2315.77,2298.22,2301.94,598.75
2026-01-01T23:15:00Z,BTCUSDT,41582.88,41646.19,41464.6,41504.0,515.23
2026-01-01T23:15:00Z,ETHUSDT,2301.94,2303.02,2295.56,2298.38,492.37
2026-01-01T23:30:00Z,BTCUSDT,41504.0,41521.3,41477.97,41508.44,559.29
2026-01-01T23:30:00Z,ETHUSDT,2298.38,2299.24,2297.23,2298.17,333.95
2026-01-01T23:45:00Z,BTCUSDT,41508.44,41868.96,41338.74,41781.39,446.05
2026-01-01T23:45:00Z,ETHUSDT,2298.17,2333.55,2276.13,2315.8,515.48
2026-01-02T00:00:00Z,BTCUSDT,41781.39,41839.96,41685.88,41716.87,330.93
2026-01-02T00:00:00Z,ETHUSDT,2315.8,2318.4,2308.52,2309.63,214.16
2026-01-02T00:15:00Z,BTCUSDT,41716.87,41980.21,41334.22,41500.86,511.82
2026-01-02T00:15:00Z,ETHUSDT,2309.63,2315.51,2298.94,2302.95,241.44
2026-01-02T00:30:00Z,BTCUSDT,41500.86,41522.49,41426.58,41454.14,414.37
2026-01-02T00:30:00Z,ETHUSDT,2302.95,2310.04,2286.43,2294.7,341.42
2026-01-02T00:45:00Z,BTCUSDT,41454.14,41585.4,41394.47,41557.88,576.81
2026-01-02T00:45:00Z,ETHUSDT,2294.7,2304.5,2287.45,2302.86,692.34
2026-01-02T01:00:00Z,BTCUSDT,41557.88,41737.4,41504.17,41691.56,823.01
2026-01-02T01:00:00Z,ETHUSDT,2302.86,2313.07,2298.63,2308.77,425.65
2026-01-02T01:15:00Z,BTCUSDT,41691.56,41752.31,41676.68,41716.81,381.47
2026-01-02T01:15:00Z,ETHUSDT,2308.77,2311.47,2307.73,2311.05,278.99
2026-01-02T01:30:00Z,BTCUSDT,41716.81,41731.09,41710.56,41723.64,324.55
2026-01-02T01:30:00Z,ETHUSDT,2311.05,2314.37,2310.06,2311.49,276.51
2026-01-02T01:45:00Z,BTCUSDT,41723.64,41755.5,41680.62,41706.96,655.98
2026-01-02T01:45:00Z,ETHUSDT,2311.49,2312.5,2309.39,2310.31,297.63
2026-01-02T02:00:00Z,BTCUSDT,41706.96,41755.58,41637.55,41679.61,653.84
2026-01-02T02:00:00Z,ETHUSDT,2310.31,2311.69,2306.76,2307.4,454.49
2026-01-02T02:15:00Z,BTCUSDT,41679.61,41772.54,41646.92,41714.05,494.88
2026-01-02T02:15:00Z,ETHUSDT,2307.4,2312.08,2305.63,2310.38,561.63
2026-01-02T02:30:00Z,BTCUSDT,41714.05,41775.36,41612.09,41664.61,288.42
2026-01-02T02:30:00Z,ETHUSDT,2310.38,2311.46,2307.59,2308.61,600.83
2026-01-02T02:45:00Z,BTCUSDT,41664.61,41676.37,41614.78,41638.62,161.53
2026-01-02T02:45:00Z,ETHUSDT,2308.61,2310.49,2302.96,2304.82,252.31
2026-01-02T03:00:00Z,BTCUSDT,41638.62,41683.25,41492.47,41522.98,354.15
2026-01-02T03:00:00Z,ETHUSDT,2304.82,2308.99,2296.17,2299.27,182.91
2026-01-02T03:15:00Z,BTCUSDT,41522.98,41625.66,41507.59,41580.06,664.56
2026-01-02T03:15:00Z,ETHUSDT,2299.27,2300.77,2296.79,2299.11,161.59
2026-01-02T03:30:00Z,BTCUSDT,41580.06,41639.66,41389.54,41457.06,560.67
2026-01-02T03:30:00Z,ETHUSDT,2299.11,2302.73,2284.29,2290.3,567.16
2026-01-02T03:45:00Z,BTCUSDT,41457.06,41490.89,41395.46,41461.11,428.22
2026-01-02T03:45:00Z,ETHUSDT,2290.3,2291.71,2287.58,2289.31,495.93
2026-01-02T04:00:00Z,BTCUSDT,41461.11,41557.11,41422.81,41535.54,484.88
2026-01-02T04:00:00Z,ETHUSDT,2289.31,2297.69,2286.62,2294.56,483.07
2026-01-02T04:15:00Z,BTCUSDT,41535.54,41558.3,41503.59,41540.55,475.12
2026-01-02T04:15:00Z,ETHUSDT,2294.56,2297.18,2293.81,2296.09,384.35
2026-01-02T04:30:00Z,BTCUSDT,41540.55,41648.15,41491.13,41626.26,706.57
2026-01-02T04:30:00Z,ETHUSDT,2296.09,2308.99,2290.16,2306.18,539.11
2026-01-02T04:45:00Z,BTCUSDT,41626.26,41843.18,41551.42,41757.62,543.28
2026-01-02T04:45:00Z,ETHUSDT,2306.18,2317.5,2303.64,2314.27,291.22
2026-01-02T05:00:00Z,BTCUSDT,41757.62,41809.93,41742.8,41795.66,351.92
2026-01-02T05:00:00Z,ETHUSDT,2314.27,2316.1,2312.9,2314.6,507.54
2026-01-02T05:15:00Z,BTCUSDT,41795.66,41925.79,41597.87,41688.06,202.68
2026-01-02T05:15:00Z,ETHUSDT,2314.6,2329.55,2296.79,2302.43,834.7
2026-01-02T05:30:00Z,BTCUSDT,41688.06,41807.58,41677.95,41790.12,466.25
2026-01-02T05:30:00Z,ETHUSDT,2302.43,2314.93,2298.9,2311.44,568.53
2026-01-02T05:45:00Z,BTCUSDT,41790.12,41985.48,41758.2,41896.75,717.72
2026-01-02T05:45:00Z,ETHUSDT,2311.44,2327.19,2310.25,2322.66,544.25
2026-01-02T06:00:00Z,BTCUSDT,41896.75,41980.63,41851.06,41944.6,482.39
2026-01-02T06:00:00Z,ETHUSDT,2322.66,2332.5,2319.98,2328.86,765.25
2026-01-02T06:15:00Z,BTCUSDT,41944.6,41979.36,41935.18,41949.09,508.15
2026-01-02T06:15:00Z,ETHUSDT,2328.86,2329.99,2328.49,2329.2,618.28
2026-01-02T06:30:00Z,BTCUSDT,41949.09,41978.32,41905.46,41939.02,639.26
2026-01-02T06:30:00Z,ETHUSDT,2329.2,2333.76,2326.69,2332.58,489.21
2026-01-02T06:45:00Z,BTCUSDT,41939.02,41971.96,41852.0,41899.47,420.33
2026-01-02T06:45:00Z,ETHUSDT,2332.58,2337.66,2326.09,2327.38,227.06
2026-01-02T07:00:00Z,BTCUSDT,41899.47,41929.99,41769.03,41826.62,593.89
2026-01-02T07:00:00Z,ETHUSDT,2327.38,2327.67,2326.4,2327.28,213.09
2026-01-02T07:15:00Z,BTCUSDT,41826.62,41846.9,41745.17,41792.49,394.95
2026-01-02T07:15:00Z,ETHUSDT,2327.28,2330.57,2321.27,2323.62,379.86
2026-01-02T07:30:00Z,BTCUSDT,41792.49,41833.14,41753.12,41785.83,221.85
2026-01-02T07:30:00Z,ETHUSDT,2323.62,2325.76,2321.5,2324.6,220.38
2026-01-02T07:45:00Z,BTCUSDT,41785.83,42034.25,41720.93,41973.82,330.36
2026-01-02T07:45:00Z,ETHUSDT,2324.6,2337.57,2321.17,2333.98,674.78
2026-01-02T08:00:00Z,BTCUSDT,41973.82,42082.03,41934.84,42040.36,344.6
2026-01-02T08:00:00Z,ETHUSDT,2333.98,2341.14,2332.25,2337.59,711.3
2026-01-02T08:15:00Z,BTCUSDT,42040.36,42161.78,41874.05,41935.04,259.02
2026-01-02T08:15:00Z,ETHUSDT,2337.59,2338.19,2336.36,2336.84,236.17
2026-01-02T08:30:00Z,BTCUSDT,41935.04,41964.06,41873.3,41926.44,356.83
2026-01-02T08:30:00Z,ETHUSDT,2336.84,2340.45,2327.83,2330.56,330.66
2026-01-02T08:45:00Z,BTCUSDT,41926.44,41957.08,41880.04,41912.2,227.73
2026-01-02T08:45:00Z,ETHUSDT,2330.56,2333.66,2329.4,2331.69,641.05
2026-01-02T09:00:00Z,BTCUSDT,41912.2,42103.25,41873.6,42038.95,547.23
2026-01-02T09:00:00Z,ETHUSDT,2331.69,2348.64,2327.03,2341.97,797.19
2026-01-02T09:15:00Z,BTCUSDT,42038.95,42243.02,41904.35,42142.41,771.5
2026-01-02T09:15:00Z,ETHUSDT,2341.97,2349.91,2339.64,2347.49,560.62
2026-01-02T09:30:00Z,BTCUSDT,42142.41,42204.81,42097.26,42174.65,371.84
2026-01-02T09:30:00Z,ETHUSDT,2347.49,2351.08,2346.54,2350.25,584.17
2026-01-02T09:45:00Z,BTCUSDT,42174.65,42490.19,42040.14,42386.82,865.6
2026-01-02T09:45:00Z,ETHUSDT,2350.25,2371.52,2343.46,2368.02,855.63
2026-01-02T10:00:00Z,BTCUSDT,42386.82,42404.16,42334.93,42386.56,486.54
2026-01-02T10:00:00Z,ETHUSDT,2368.02,2369.53,2366.57,2368.57,362.76
2026-01-02T10:15:00Z,BTCUSDT,42386.56,42464.82,42175.25,42252.2,564.91
2026-01-02T10:15:00Z,ETHUSDT,2368.57,2374.47,2352.48,2360.61,585.2
2026-01-02T10:30:00Z,BTCUSDT,42252.2,42311.22,42192.81,42267.77,405.98
2026-01-02T10:30:00Z,ETHUSDT,2360.61,2365.75,2359.93,2363.38,215.73
2026-01-02T10:45:00Z,BTCUSDT,42267.77,42469.27,42221.94,42399.27,450.44
2026-01-02T10:45:00Z,ETHUSDT,2363.38,2376.26,2360.22,2372.95,571.09
2026-01-02T11:00:00Z,BTCUSDT,42399.27,42461.41,42259.13,42293.51,159.27
2026-01-02T11:00:00Z,ETHUSDT,2372.95,2382.56,2354.45,2362.01,563.45
2026-01-02T11:15:00Z,BTCUSDT,42293.51,42361.56,42268.53,42343.14,404.0
2026-01-02T11:15:00Z,ETHUSDT,2362.01,2371.27,2361.18,2369.09,769.19
2026-01-02T11:30:00Z,BTCUSDT,42343.14,42360.75,42313.58,42331.8,654.97
2026-01-02T11:30:00Z,ETHUSDT,2369.09,2376.15,2366.61,2373.31,205.4
2026-01-02T11:45:00Z,BTCUSDT,42331.8,42634.41,42233.44,42491.2,767.82
2026-01-02T11:45:00Z,ETHUSDT,2373.31,2387.85,2371.18,2385.55,369.54
2026-01-02T12:00:00Z,BTCUSDT,42491.2,42618.27,42439.87,42556.15,283.27
2026-01-02T12:00:00Z,ETHUSDT,2385.55,2394.75,2383.86,2392.4,329.21
2026-01-02T12:15:00Z,BTCUSDT,42556.15,42600.13,42507.44,42554.01,283.78
2026-01-02T12:15:00Z,ETHUSDT,2392.4,2395.02,2390.47,2394.17,389.63
2026-01-02T12:30:00Z,BTCUSDT,42554.01,42779.9,42456.19,42732.43,311.9
2026-01-02T12:30:00Z,ETHUSDT,2394.17,2422.56,2372.01,2411.15,221.6
2026-01-02T12:45:00Z,BTCUSDT,42732.43,42791.22,42612.87,42639.42,350.04
2026-01-02T12:45:00Z,ETHUSDT,2411.15,2417.22,2397.62,2402.56,207.97
2026-01-02T13:00:00Z,BTCUSDT,42639.42,42656.64,42578.75,42613.92,164.41
2026-01-02T13:00:00Z,ETHUSDT,2402.56,2403.3,2399.68,2400.95,275.26
2026-01-02T13:15:00Z,BTCUSDT,42613.92,42666.5,42551.28,42596.52,127.42
2026-01-02T13:15:00Z,ETHUSDT,2400.95,2402.48,2399.29,2401.54,360.59
2026-01-02T13:30:00Z,BTCUSDT,42596.52,42832.69,42538.53,42798.26,531.21
2026-01-02T13:30:00Z,ETHUSDT,2401.54,2420.34,2397.48,2418.45,422.28
2026-01-02T13:45:00Z,BTCUSDT,42798.26,42866.76,42616.29,42645.11,691.26
2026-01-02T13:45:00Z,ETHUSDT,2418.45,2424.37,2403.21,2407.07,536.64
2026-01-02T14:00:00Z,BTCUSDT,42645.11,42657.27,42595.55,42627.91,262.05
2026-01-02T14:00:00Z,ETHUSDT,2407.07,2416.15,2392.91,2397.72,623.33
2026-01-02T14:15:00Z,BTCUSDT,42627.91,42879.59,42485.62,42756.97,811.3
2026-01-02T14:15:00Z,ETHUSDT,2397.72,2410.85,2394.04,2405.98,223.93
2026-01-02T14:30:00Z,BTCUSDT,42756.97,42777.82,42720.77,42740.39,237.07
2026-01-02T14:30:00Z,ETHUSDT,2405.98,2407.03,2405.43,2405.87,628.01
2026-01-02T14:45:00Z,BTCUSDT,42740.39,42935.32,42705.83,42859.4,334.84
2026-01-02T14:45:00Z,ETHUSDT,2405.87,2425.36,2401.54,2418.0,548.52
2026-01-02T15:00:00Z,BTCUSDT,42859.4,42998.12,42825.11,42983.11,544.05
2026-01-02T15:00:00Z,ETHUSDT,2418.0,2435.04,2414.52,2430.93,657.49
2026-01-02T15:15:00Z,BTCUSDT,42983.11,43089.45,42961.91,43006.54,348.74
2026-01-02T15:15:00Z,ETHUSDT,2430.93,2434.85,2427.05,2431.93,409.7
2026-01-02T15:30:00Z,BTCUSDT,43006.54,43071.44,42956.56,42976.23,407.91
2026-01-02T15:30:00Z,ETHUSDT,2431.93,2433.17,2429.15,2429.44,260.64
2026-01-02T15:45:00Z,BTCUSDT,42976.23,43140.07,42545.37,42757.93,354.97
2026-01-02T15:45:00Z,ETHUSDT,2429.44,2442.22,2406.28,2418.22,897.33
2026-01-02T16:00:00Z,BTCUSDT,42757.93,42896.74,42709.32,42846.63,269.4
2026-01-02T16:00:00Z,ETHUSDT,2418.22,2434.59,2414.43,2431.49,401.15
2026-01-02T16:15:00Z,BTCUSDT,42846.63,43031.04,42786.36,42976.41,482.59
2026-01-02T16:15:00Z,ETHUSDT,2431.49,2440.01,2430.17,2437.4,664.02
2026-01-02T16:30:00Z,BTCUSDT,42976.41,43050.66,42905.59,42975.57,128.56
2026-01-02T16:30:00Z,ETHUSDT,2437.4,2438.06,2435.02,2436.59,498.87
2026-01-02T16:45:00Z,BTCUSDT,42975.57,43152.61,42924.66,43097.37,309.23
2026-01-02T16:45:00Z,ETHUSDT,2436.59,2444.78,2434.78,2441.72,147.77
2026-01-02T17:00:00Z,BTCUSDT,43097.37,43147.84,43080.05,43115.11,224.39
2026-01-02T17:00:00Z,ETHUSDT,2441.72,2450.54,2439.47,2445.97,423.82
2026-01-02T17:15:00Z,BTCUSDT,43115.11,43161.73,43039.31,43063.85,202.51
2026-01-02T17:15:00Z,ETHUSDT,2445.97,2447.58,2442.64,2443.89,275.4
2026-01-02T17:30:00Z,BTCUSDT,43063.85,43152.11,42940.51,43002.71,187.23
2026-01-02T17:30:00Z,ETHUSDT,2443.89,2445.69,2436.09,2438.54,315.6
2026-01-02T17:45:00Z,BTCUSDT,43002.71,43030.13,42939.09,42971.53,532.71
2026-01-02T17:45:00Z,ETHUSDT,2438.54,2440.65,2437.47,2439.24,223.41
2026-01-02T18:00:00Z,BTCUSDT,42971.53,43040.39,42858.45,42917.84,186.57
2026-01-02T18:00:00Z,ETHUSDT,2439.24,2440.67,2433.48,2434.99,496.61
2026-01-02T18:15:00Z,BTCUSDT,42917.84,42976.35,42856.53,42915.06,520.74
2026-01-02T18:15:00Z,ETHUSDT,2434.99,2436.38,2434.08,2435.04,321.27
2026-01-02T18:30:00Z,BTCUSDT,42915.06,42943.7,42881.67,42919.58,317.95
2026-01-02T18:30:00Z,ETHUSDT,2435.04,2437.94,2430.47,2432.04,667.12
2026-01-02T18:45:00Z,BTCUSDT,42919.58,43045.98,42683.9,42777.4,797.59
2026-01-02T18:45:00Z,ETHUSDT,2432.04,2433.61,2422.56,2423.68,422.66
2026-01-02T19:00:00Z,BTCUSDT,42777.4,42890.99,42721.77,42832.93,524.83
2026-01-02T19:00:00Z,ETHUSDT,2423.68,2431.69,2421.19,2429.56,337.41
2026-01-02T19:15:00Z,BTCUSDT,42832.93,42843.63,42799.77,42815.7,268.08
2026-01-02T19:15:00Z,ETHUSDT,2429.56,2432.59,2424.29,2426.46,277.13
2026-01-02T19:30:00Z,BTCUSDT,42815.7,42874.89,42799.52,42859.33,580.07
2026-01-02T19:30:00Z,ETHUSDT,2426.46,2430.94,2423.72,2428.59,567.11
2026-01-02T19:45:00Z,BTCUSDT,42859.33,42948.11,42841.27,42927.62,401.66
2026-01-02T19:45:00Z,ETHUSDT,2428.59,2443.27,2425.64,2436.92,637.69
2026-01-02T20:00:00Z,BTCUSDT,42927.62,43042.59,42883.29,42974.68,137.91
2026-01-02T20:00:00Z,ETHUSDT,2436.92,2438.88,2435.14,2436.76,516.28
2026-01-02T20:15:00Z,BTCUSDT,42974.68,43015.47,42803.74,42869.75,173.04
2026-01-02T20:15:00Z,ETHUSDT,2436.76,2444.31,2424.77,2428.91,717.53
2026-01-02T20:30:00Z,BTCUSDT,42869.75,42888.83,42747.49,42794.96,478.23
2026-01-02T20:30:00Z,ETHUSDT,2428.91,2431.61,2420.3,2422.83,315.52
2026-01-02T20:45:00Z,BTCUSDT,42794.96,42827.97,42680.24,42704.66,390.58
2026-01-02T20:45:00Z,ETHUSDT,2422.83,2424.34,2416.74,2417.29,638.9
2026-01-02T21:00:00Z,BTCUSDT,42704.66,43201.06,42453.91,42965.16,468.31
2026-01-02T21:00:00Z,ETHUSDT,2417.29,2454.67,2413.97,2442.63,1220.34
2026-01-02T21:15:00Z,BTCUSDT,42965.16,43081.62,42921.99,43004.16,476.88
2026-01-02T21:15:00Z,ETHUSDT,2442.63,2453.21,2438.73,2447.61,280.99
2026-01-02T21:30:00Z,BTCUSDT,43004.16,43111.13,42654.2,42779.83,380.12
2026-01-02T21:30:00Z,ETHUSDT,2447.61,2452.37,2431.54,2436.6,747.38
2026-01-02T21:45:00Z,BTCUSDT,42779.83,42835.25,42568.11,42616.17,561.38
2026-01-02T21:45:00Z,ETHUSDT,2436.6,2441.65,2414.82,2422.22,387.08
2026-01-02T22:00:00Z,BTCUSDT,42616.17,42647.36,42536.09,42575.89,238.24
2026-01-02T22:00:00Z,ETHUSDT,2422.22,2425.83,2415.57,2417.29,181.21
2026-01-02T22:15:00Z,BTCUSDT,42575.89,42687.85,42539.58,42639.63,632.09
2026-01-02T22:15:00Z,ETHUSDT,2417.29,2425.8,2414.34,2424.08,486.93
2026-01-02T22:30:00Z,BTCUSDT,42639.63,43046.79,42486.56,42847.43,371.01
2026-01-02T22:30:00Z,ETHUSDT,2424.08,2444.51,2416.82,2438.02,936.19
2026-01-02T22:45:00Z,BTCUSDT,42847.43,42888.38,42691.76,42769.0,306.53
2026-01-02T22:45:00Z,ETHUSDT,2438.02,2446.04,2426.66,2429.69,470.85
2026-01-02T23:00:00Z,BTCUSDT,42769.0,42815.53,42756.09,42786.85,168.24
2026-01-02T23:00:00Z,ETHUSDT,2429.69,2445.72,2426.9,2440.86,794.24
2026-01-02T23:15:00Z,BTCUSDT,42786.85,42889.8,42592.62,42628.88,673.63
2026-01-02T23:15:00Z,ETHUSDT,2440.86,2445.11,2425.14,2433.47,547.6
2026-01-02T23:30:00Z,BTCUSDT,42628.88,42710.32,42587.69,42670.39,619.0
2026-01-02T23:30:00Z,ETHUSDT,2433.47,2437.19,2432.3,2434.08,448.01
2026-01-02T23:45:00Z,BTCUSDT,42670.39,43045.33,42471.23,42833.81,674.05
2026-01-02T23:45:00Z,ETHUSDT,2434.08,2447.42,2431.23,2445.9,506.39
2026-01-03T00:00:00Z,BTCUSDT,42833.81,42910.11,42730.75,42765.43,665.91
2026-01-03T00:00:00Z,ETHUSDT,2445.9,2455.01,2433.59,2436.03,487.25
2026-01-03T00:15:00Z,BTCUSDT,42765.43,42832.57,42733.61,42793.53,324.47
2026-01-03T00:15:00Z,ETHUSDT,2436.03,2452.87,2427.12,2447.96,424.79
2026-01-03T00:30:00Z,BTCUSDT,42793.53,42932.29,42762.41,42876.88,426.52
2026-01-03T00:30:00Z,ETHUSDT,2447.96,2466.52,2438.99,2458.91,598.42
2026-01-03T00:45:00Z,BTCUSDT,42876.88,42916.19,42847.76,42887.4,202.33
2026-01-03T00:45:00Z,ETHUSDT,2458.91,2465.28,2453.77,2463.5,395.69
2026-01-03T01:00:00Z,BTCUSDT,42887.4,42992.11,42697.76,42769.36,476.3
2026-01-03T01:00:00Z,ETHUSDT,2463.5,2467.4,2457.7,2459.26,283.92
2026-01-03T01:15:00Z,BTCUSDT,42769.36,42880.79,42702.45,42834.29,213.7
2026-01-03T01:15:00Z,ETHUSDT,2459.26,2472.9,2454.73,2467.2,495.19
2026-01-03T01:30:00Z,BTCUSDT,42834.29,42885.55,42773.32,42799.5,525.32
2026-01-03T01:30:00Z,ETHUSDT,2467.2,2475.87,2453.45,2458.33,581.65
2026-01-03T01:45:00Z,BTCUSDT,42799.5,42832.78,42743.63,42777.37,166.63
2026-01-03T01:45:00Z,ETHUSDT,2458.33,2461.15,2451.63,2453.87,685.33
2026-01-03T02:00:00Z,BTCUSDT,42777.37,42877.84,42729.93,42835.55,207.58
2026-01-03T02:00:00Z,ETHUSDT,2453.87,2465.32,2449.25,2461.38,549.16
2026-01-03T02:15:00Z,BTCUSDT,42835.55,42964.2,42774.45,42902.44,686.36
2026-01-03T02:15:00Z,ETHUSDT,2461.38,2470.95,2458.35,2465.94,681.86
2026-01-03T02:30:00Z,BTCUSDT,42902.44,42923.04,42825.3,42865.52,165.48
2026-01-03T02:30:00Z,ETHUSDT,2465.94,2468.51,2458.67,2460.17,162.88
2026-01-03T02:45:00Z,BTCUSDT,42865.52,42964.56,42846.37,42927.43,465.28
2026-01-03T02:45:00Z,ETHUSDT,2460.17,2470.85,2454.36,2465.39,416.71
2026-01-03T03:00:00Z,BTCUSDT,42927.43,42951.34,42821.16,42848.86,379.12
2026-01-03T03:00:00Z,ETHUSDT,2465.39,2472.25,2454.67,2456.81,330.47
2026-01-03T03:15:00Z,BTCUSDT,42848.86,43057.17,42792.47,42955.98,521.66
2026-01-03T03:15:00Z,ETHUSDT,2456.81,2467.08,2455.84,2463.4,299.02
2026-01-03T03:30:00Z,BTCUSDT,42955.98,42974.22,42925.71,42965.83,636.47
2026-01-03T03:30:00Z,ETHUSDT,2463.4,2466.78,2457.65,2461.55,569.57
2026-01-03T03:45:00Z,BTCUSDT,42965.83,43005.1,42868.44,42918.99,468.64
2026-01-03T03:45:00Z,ETHUSDT,2461.55,2463.77,2455.16,2457.09,290.44
2026-01-03T04:00:00Z,BTCUSDT,42918.99,42944.76,42760.36,42826.68,601.19
2026-01-03T04:00:00Z,ETHUSDT,2457.09,2457.43,2454.6,2456.1,145.57
2026-01-03T04:15:00Z,BTCUSDT,42826.68,42934.76,42792.26,42916.43,301.24
2026-01-03T04:15:00Z,ETHUSDT,2456.1,2460.65,2454.42,2458.4,399.72
2026-01-03T04:30:00Z,BTCUSDT,42916.43,42934.14,42848.59,42883.71,507.39
2026-01-03T04:30:00Z,ETHUSDT,2458.4,2459.61,2451.68,2453.55,431.08
2026-01-03T04:45:00Z,BTCUSDT,42883.71,42903.78,42794.77,42814.34,407.27
2026-01-03T04:45:00Z,ETHUSDT,2453.55,2457.85,2448.07,2450.19,296.09
2026-01-03T05:00:00Z,BTCUSDT,42814.34,42882.75,42733.12,42793.01,452.46
2026-01-03T05:00:00Z,ETHUSDT,2450.19,2453.65,2440.6,2443.37,491.57
2026-01-03T05:15:00Z,BTCUSDT,42793.01,42965.0,42765.25,42906.2,629.78
2026-01-03T05:15:00Z,ETHUSDT,2443.37,2457.74,2435.89,2451.83,583.37
2026-01-03T05:30:00Z,BTCUSDT,42906.2,43032.44,42858.43,42974.42,607.57
2026-01-03T05:30:00Z,ETHUSDT,2451.83,2457.27,2449.71,2454.61,309.98
2026-01-03T05:45:00Z,BTCUSDT,42974.42,43082.95,42940.76,43053.1,151.93
2026-01-03T05:45:00Z,ETHUSDT,2454.61,2461.37,2451.4,2457.55,690.91
2026-01-03T06:00:00Z,BTCUSDT,43053.1,43122.38,43014.69,43105.47,370.72
2026-01-03T06:00:00Z,ETHUSDT,2457.55,2466.0,2456.21,2464.52,743.39
2026-01-03T06:15:00Z,BTCUSDT,43105.47,43294.95,43002.74,43230.29,342.08
2026-01-03T06:15:00Z,ETHUSDT,2464.52,2472.2,2463.52,2470.59,686.01
2026-01-03T06:30:00Z,BTCUSDT,43230.29,43293.92,43201.12,43283.59,367.86
2026-01-03T06:30:00Z,ETHUSDT,2470.59,2474.16,2470.05,2472.76,410.9
2026-01-03T06:45:00Z,BTCUSDT,43283.59,43301.26,43221.19,43245.78,559.29
2026-01-03T06:45:00Z,ETHUSDT,2472.76,2476.34,2463.01,2466.49,314.88
2026-01-03T07:00:00Z,BTCUSDT,43245.78,43416.1,43181.96,43332.82,360.54
2026-01-03T07:00:00Z,ETHUSDT,2466.49,2467.83,2463.72,2464.81,512.24
2026-01-03T07:15:00Z,BTCUSDT,43332.82,43464.08,43297.75,43440.43,177.31
2026-01-03T07:15:00Z,ETHUSDT,2464.81,2481.19,2462.37,2473.41,743.07
2026-01-03T07:30:00Z,BTCUSDT,43440.43,43709.01,43347.34,43568.58,568.85
2026-01-03T07:30:00Z,ETHUSDT,2473.41,2492.93,2466.16,2486.76,768.2
2026-01-03T07:45:00Z,BTCUSDT,43568.58,43600.09,43345.16,43372.78,696.92
2026-01-03T07:45:00Z,ETHUSDT,2486.76,2496.25,2463.23,2471.3,923.0
2026-01-03T08:00:00Z,BTCUSDT,43372.78,43521.27,43328.54,43442.88,645.15
2026-01-03T08:00:00Z,ETHUSDT,2471.3,2478.66,2467.75,2477.01,302.87
2026-01-03T08:15:00Z,BTCUSDT,43442.88,43470.75,43270.18,43307.59,580.4
2026-01-03T08:15:00Z,ETHUSDT,2477.01,2480.45,2463.82,2469.66,727.4
2026-01-03T08:30:00Z,BTCUSDT,43307.59,43331.52,43300.26,43323.19,486.62
2026-01-03T08:30:00Z,ETHUSDT,2469.66,2475.26,2469.14,2474.88,260.39
2026-01-03T08:45:00Z,BTCUSDT,43323.19,43360.94,43224.27,43265.55,354.42
2026-01-03T08:45:00Z,ETHUSDT,2474.88,2476.25,2467.08,2469.5,344.4
2026-01-03T09:00:00Z,BTCUSDT,43265.55,43319.81,43256.65,43297.23,150.31
2026-01-03T09:00:00Z,ETHUSDT,2469.5,2474.32,2467.95,2473.31,288.05
2026-01-03T09:15:00Z,BTCUSDT,43297.23,43347.68,43286.55,43307.21,296.07
2026-01-03T09:15:00Z,ETHUSDT,2473.31,2473.87,2469.4,2470.04,428.59
2026-01-03T09:30:00Z,BTCUSDT,43307.21,43490.86,42879.94,43110.05,587.69
2026-01-03T09:30:00Z,ETHUSDT,2470.04,2476.72,2440.69,2453.12,318.66
2026-01-03T09:45:00Z,BTCUSDT,43110.05,43194.58,43060.97,43140.85,557.42
2026-01-03T09:45:00Z,ETHUSDT,2453.12,2462.41,2450.03,2458.26,749.51
2026-01-03T10:00:00Z,BTCUSDT,43140.85,43198.45,43122.92,43183.59,445.23
2026-01-03T10:00:00Z,ETHUSDT,2458.26,2463.37,2454.07,2462.24,554.44
2026-01-03T10:15:00Z,BTCUSDT,43183.59,43324.68,43149.47,43276.65,722.46
2026-01-03T10:15:00Z,ETHUSDT,2462.24,2472.07,2460.11,2468.73,759.67
2026-01-03T10:30:00Z,BTCUSDT,43276.65,43531.8,43157.13,43411.96,620.52
2026-01-03T10:30:00Z,ETHUSDT,2468.73,2483.7,2464.13,2481.89,214.74
2026-01-03T10:45:00Z,BTCUSDT,43411.96,43639.45,43279.49,43518.79,338.96
2026-01-03T10:45:00Z,ETHUSDT,2481.89,2488.43,2480.53,2487.14,312.57
2026-01-03T11:00:00Z,BTCUSDT,43518.79,43622.72,43473.64,43571.33,564.84
2026-01-03T11:00:00Z,ETHUSDT,2487.14,2487.95,2486.34,2487.41,484.4
2026-01-03T11:15:00Z,BTCUSDT,43571.33,43640.57,43530.16,43586.87,492.76
2026-01-03T11:15:00Z,ETHUSDT,2487.41,2488.78,2478.83,2483.47,679.55
2026-01-03T11:30:00Z,BTCUSDT,43586.87,43755.05,43572.74,43731.55,186.64
2026-01-03T11:30:00Z,ETHUSDT,2483.47,2493.01,2478.13,2489.13,495.15
2026-01-03T11:45:00Z,BTCUSDT,43731.55,43749.23,43570.32,43642.06,463.95
2026-01-03T11:45:00Z,ETHUSDT,2489.13,2491.61,2474.93,2478.93,812.22
2026-01-03T12:00:00Z,BTCUSDT,43642.06,43697.46,43626.79,43664.27,426.84
2026-01-03T12:00:00Z,ETHUSDT,2478.93,2483.38,2478.21,2482.44,464.82
2026-01-03T12:15:00Z,BTCUSDT,43664.27,43699.1,43593.49,43629.19,463.69
2026-01-03T12:15:00Z,ETHUSDT,2482.44,2482.94,2480.65,2481.28,559.64
2026-01-03T12:30:00Z,BTCUSDT,43629.19,43720.18,43595.58,43692.37,645.47
2026-01-03T12:30:00Z,ETHUSDT,2481.28,2483.79,2480.02,2482.22,377.02
2026-01-03T12:45:00Z,BTCUSDT,43692.37,43730.41,43645.95,43675.56,332.28
2026-01-03T12:45:00Z,ETHUSDT,2482.22,2485.03,2477.51,2481.47,513.54
2026-01-03T13:00:00Z,BTCUSDT,43675.56,43745.17,43213.38,43435.06,243.73
2026-01-03T13:00:00Z,ETHUSDT,2481.47,2490.38,2445.74,2457.41,1143.08
2026-01-03T13:15:00Z,BTCUSDT,43435.06,43506.08,43407.83,43460.38,667.17
2026-01-03T13:15:00Z,ETHUSDT,2457.41,2457.85,2453.98,2454.41,265.78
2026-01-03T13:30:00Z,BTCUSDT,43460.38,43587.59,43409.99,43535.24,279.22
2026-01-03T13:30:00Z,ETHUSDT,2454.41,2458.86,2453.22,2457.7,634.07
2026-01-03T13:45:00Z,BTCUSDT,43535.24,43555.55,43488.67,43498.65,457.26
2026-01-03T13:45:00Z,ETHUSDT,2457.7,2459.78,2456.28,2457.33,325.02
2026-01-03T14:00:00Z,BTCUSDT,43498.65,43557.76,43383.19,43398.86,686.91
2026-01-03T14:00:00Z,ETHUSDT,2457.33,2460.14,2455.8,2456.82,209.46
2026-01-03T14:15:00Z,BTCUSDT,43398.86,43530.39,43377.21,43487.86,256.87
2026-01-03T14:15:00Z,ETHUSDT,2456.82,2462.86,2454.7,2460.89,295.74
2026-01-03T14:30:00Z,BTCUSDT,43487.86,43527.58,43335.37,43362.86,584.8
2026-01-03T14:30:00Z,ETHUSDT,2460.89,2465.36,2450.97,2452.6,296.69
2026-01-03T14:45:00Z,BTCUSDT,43362.86,43560.06,42971.14,43158.43,270.71
2026-01-03T14:45:00Z,ETHUSDT,2452.6,2460.02,2422.97,2431.68,226.85
2026-01-03T15:00:00Z,BTCUSDT,43158.43,43197.53,43136.18,43185.55,603.96
2026-01-03T15:00:00Z,ETHUSDT,2431.68,2444.42,2428.52,2439.41,580.72
2026-01-03T15:15:00Z,BTCUSDT,43185.55,43209.51,43151.4,43171.99,465.93
2026-01-03T15:15:00Z,ETHUSDT,2439.41,2441.46,2433.84,2435.51,415.01
2026-01-03T15:30:00Z,BTCUSDT,43171.99,43210.94,43001.95,43044.79,299.65
2026-01-03T15:30:00Z,ETHUSDT,2435.51,2439.33,2423.8,2426.96,309.1
2026-01-03T15:45:00Z,BTCUSDT,43044.79,43151.88,42868.87,42950.67,180.97
2026-01-03T15:45:00Z,ETHUSDT,2426.96,2429.59,2421.37,2422.37,719.51
2026-01-03T16:00:00Z,BTCUSDT,42950.67,42989.34,42893.42,42967.16,517.41
2026-01-03T16:00:00Z,ETHUSDT,2422.37,2425.88,2421.08,2424.76,289.34
2026-01-03T16:15:00Z,BTCUSDT,42967.16,43053.56,42926.45,43034.52,567.51
2026-01-03T16:15:00Z,ETHUSDT,2424.76,2429.14,2423.48,2428.48,582.18
2026-01-03T16:30:00Z,BTCUSDT,43034.52,43095.35,42869.4,42911.88,340.8
2026-01-03T16:30:00Z,ETHUSDT,2428.48,2434.6,2413.29,2419.23,497.99
2026-01-03T16:45:00Z,BTCUSDT,42911.88,43077.01,42872.56,43029.21,234.4
2026-01-03T16:45:00Z,ETHUSDT,2419.23,2426.84,2415.03,2424.85,605.01
2026-01-03T17:00:00Z,BTCUSDT,43029.21,43042.86,42971.32,42979.76,210.06
2026-01-03T17:00:00Z,ETHUSDT,2424.85,2426.65,2421.36,2422.58,548.37
2026-01-03T17:15:00Z,BTCUSDT,42979.76,43025.08,42943.39,43010.24,359.26
2026-01-03T17:15:00Z,ETHUSDT,2422.58,2428.42,2421.09,2427.26,698.93
2026-01-03T17:30:00Z,BTCUSDT,43010.24,43025.8,42982.76,42995.34,558.57
2026-01-03T17:30:00Z,ETHUSDT,2427.26,2432.29,2424.8,2430.6,597.59
2026-01-03T17:45:00Z,BTCUSDT,42995.34,43029.29,42971.4,43003.01,215.25
2026-01-03T17:45:00Z,ETHUSDT,2430.6,2433.42,2424.39,2427.08,640.68
2026-01-03T18:00:00Z,BTCUSDT,43003.01,43064.58,42981.15,43053.25,207.0
2026-01-03T18:00:00Z,ETHUSDT,2427.08,2441.95,2423.81,2436.71,356.85
2026-01-03T18:15:00Z,BTCUSDT,43053.25,43077.44,42992.65,43007.95,678.97
2026-01-03T18:15:00Z,ETHUSDT,2436.71,2438.04,2435.37,2435.67,500.42
2026-01-03T18:30:00Z,BTCUSDT,43007.95,43030.98,42951.74,42995.79,296.85
2026-01-03T18:30:00Z,ETHUSDT,2435.67,2437.61,2434.44,2436.98,593.01
2026-01-03T18:45:00Z,BTCUSDT,42995.79,43261.62,42876.12,43162.63,206.25
2026-01-03T18:45:00Z,ETHUSDT,2436.98,2450.7,2433.72,2449.68,347.43
2026-01-03T19:00:00Z,BTCUSDT,43162.63,43179.06,43099.52,43112.73,165.03
2026-01-03T19:00:00Z,ETHUSDT,2449.68,2450.72,2443.88,2446.97,163.01
2026-01-03T19:15:00Z,BTCUSDT,43112.73,43194.88,42938.04,43002.03,375.25
2026-01-03T19:15:00Z,ETHUSDT,2446.97,2449.35,2430.73,2439.88,589.64
2026-01-03T19:30:00Z,BTCUSDT,43002.03,43034.53,42984.92,42999.88,422.84
2026-01-03T19:30:00Z,ETHUSDT,2439.88,2441.2,2437.4,2438.75,219.47
2026-01-03T19:45:00Z,BTCUSDT,42999.88,43056.61,42945.38,42989.82,638.53
2026-01-03T19:45:00Z,ETHUSDT,2438.75,2440.13,2432.64,2435.72,686.13
2026-01-03T20:00:00Z,BTCUSDT,42989.82,43076.22,42955.37,43038.63,515.54
2026-01-03T20:00:00Z,ETHUSDT,2435.72,2450.95,2433.11,2446.64,537.81
2026-01-03T20:15:00Z,BTCUSDT,43038.63,43195.72,42966.48,43132.69,473.86
2026-01-03T20:15:00Z,ETHUSDT,2446.64,2455.21,2444.73,2452.01,722.59
2026-01-03T20:30:00Z,BTCUSDT,43132.69,43186.95,43079.02,43109.48,416.42
2026-01-03T20:30:00Z,ETHUSDT,2452.01,2452.87,2451.76,2452.1,226.68
2026-01-03T20:45:00Z,BTCUSDT,43109.48,43164.36,42968.61,43042.75,188.7
2026-01-03T20:45:00Z,ETHUSDT,2452.1,2456.69,2442.57,2447.26,463.46
2026-01-03T21:00:00Z,BTCUSDT,43042.75,43071.03,42976.43,43004.56,676.83
2026-01-03T21:00:00Z,ETHUSDT,2447.26,2451.34,2446.77,2449.92,228.63
2026-01-03T21:15:00Z,BTCUSDT,43004.56,43053.77,42875.82,42917.81,599.82
2026-01-03T21:15:00Z,ETHUSDT,2449.92,2454.14,2439.34,2442.72,770.09
2026-01-03T21:30:00Z,BTCUSDT,42917.81,42997.1,42875.7,42984.31,712.97
2026-01-03T21:30:00Z,ETHUSDT,2442.72,2455.8,2440.66,2450.66,708.5
2026-01-03T21:45:00Z,BTCUSDT,42984.31,43281.95,42908.64,43168.53,885.45
2026-01-03T21:45:00Z,ETHUSDT,2450.66,2485.85,2432.22,2467.41,859.48
2026-01-03T22:00:00Z,BTCUSDT,43168.53,43258.46,43120.85,43195.14,557.72
2026-01-03T22:00:00Z,ETHUSDT,2467.41,2486.92,2457.66,2477.03,572.13
2026-01-03T22:15:00Z,BTCUSDT,43195.14,43213.46,43170.2,43178.62,169.24
2026-01-03T22:15:00Z,ETHUSDT,2477.03,2478.95,2471.07,2473.97,588.04
2026-01-03T22:30:00Z,BTCUSDT,43178.62,43230.89,43103.17,43205.51,218.65
2026-01-03T22:30:00Z,ETHUSDT,2473.97,2477.41,2463.6,2467.1,778.61
2026-01-03T22:45:00Z,BTCUSDT,43205.51,43475.29,43131.09,43385.1,268.09
2026-01-03T22:45:00Z,ETHUSDT,2467.1,2484.02,2462.94,2475.64,444.38
2026-01-03T23:00:00Z,BTCUSDT,43385.1,43442.74,43351.68,43402.28,441.48
2026-01-03T23:00:00Z,ETHUSDT,2475.64,2476.25,2472.25,2474.01,618.7
2026-01-03T23:15:00Z,BTCUSDT,43402.28,43730.28,43353.84,43657.72,910.33
2026-01-03T23:15:00Z,ETHUSDT,2474.01,2502.45,2467.56,2490.92,286.97
2026-01-03T23:30:00Z,BTCUSDT,43657.72,43720.54,43597.07,43626.08,660.61
2026-01-03T23:30:00Z,ETHUSDT,2490.92,2491.52,2486.04,2487.81,662.37
2026-01-03T23:45:00Z,BTCUSDT,43626.08,43672.73,43506.67,43563.11,170.94
2026-01-03T23:45:00Z,ETHUSDT,2487.81,2488.81,2483.61,2487.19,608.16
2026-01-04T00:00:00Z,BTCUSDT,43563.11,43653.95,43542.78,43581.29,545.2
2026-01-04T00:00:00Z,ETHUSDT,2487.19,2487.57,2485.69,2486.11,459.69
2026-01-04T00:15:00Z,BTCUSDT,43581.29,43596.92,43525.87,43548.11,350.92
2026-01-04T00:15:00Z,ETHUSDT,2486.11,2488.51,2479.4,2480.98,646.82
2026-01-04T00:30:00Z,BTCUSDT,43548.11,43600.42,43519.44,43587.69,351.93
2026-01-04T00:30:00Z,ETHUSDT,2480.98,2488.26,2478.66,2484.68,475.18
2026-01-04T00:45:00Z,BTCUSDT,43587.69,43787.19,43479.1,43726.36,333.62
2026-01-04T00:45:00Z,ETHUSDT,2484.68,2495.08,2482.23,2493.88,709.24
2026-01-04T01:00:00Z,BTCUSDT,43726.36,43747.44,43515.36,43541.39,695.1
2026-01-04T01:00:00Z,ETHUSDT,2493.88,2502.34,2470.86,2482.79,692.38
2026-01-04T01:15:00Z,BTCUSDT,43541.39,43616.44,43281.58,43411.9,516.28
2026-01-04T01:15:00Z,ETHUSDT,2482.79,2486.94,2469.95,2471.46,568.79
2026-01-04T01:30:00Z,BTCUSDT,43411.9,43443.67,43369.29,43390.69,642.66
2026-01-04T01:30:00Z,ETHUSDT,2471.46,2474.98,2470.44,2473.3,366.59
2026-01-04T01:45:00Z,BTCUSDT,43390.69,43504.23,43211.15,43251.24,384.69
2026-01-04T01:45:00Z,ETHUSDT,2473.3,2475.32,2463.16,2465.4,557.61
2026-01-04T02:00:00Z,BTCUSDT,43251.24,43336.14,43090.82,43177.54,266.72
2026-01-04T02:00:00Z,ETHUSDT,2465.4,2470.46,2456.69,2461.45,448.58
2026-01-04T02:15:00Z,BTCUSDT,43177.54,43225.05,43147.43,43209.2,156.61
2026-01-04T02:15:00Z,ETHUSDT,2461.45,2464.39,2460.72,2463.65,130.86
2026-01-04T02:30:00Z,BTCUSDT,43209.2,43250.27,43171.92,43237.38,592.7
2026-01-04T02:30:00Z,ETHUSDT,2463.65,2466.59,2462.57,2465.28,385.21
2026-01-04T02:45:00Z,BTCUSDT,43237.38,43287.35,43064.24,43148.34,156.67
2026-01-04T02:45:00Z,ETHUSDT,2465.28,2466.76,2460.63,2462.83,279.13
2026-01-04T03:00:00Z,BTCUSDT,43148.34,43161.31,43136.85,43152.41,171.49
2026-01-04T03:00:00Z,ETHUSDT,2462.83,2464.46,2462.41,2464.11,481.06
2026-01-04T03:15:00Z,BTCUSDT,43152.41,43220.42,43024.25,43091.29,311.57
2026-01-04T03:15:00Z,ETHUSDT,2464.11,2465.49,2457.11,2459.85,649.77
2026-01-04T03:30:00Z,BTCUSDT,43091.29,43137.79,42985.61,43029.63,577.64
2026-01-04T03:30:00Z,ETHUSDT,2459.85,2462.14,2452.38,2454.34,718.69
2026-01-04T03:45:00Z,BTCUSDT,43029.63,43072.08,42968.31,43004.15,562.88
2026-01-04T03:45:00Z,ETHUSDT,2454.34,2455.63,2451.9,2452.48,445.99
2026-01-04T04:00:00Z,BTCUSDT,43004.15,43035.99,42963.2,43003.84,386.19
2026-01-04T04:00:00Z,ETHUSDT,2452.48,2456.76,2444.76,2446.37,254.19
2026-01-04T04:15:00Z,BTCUSDT,43003.84,43061.08,42983.43,43006.63,312.5
2026-01-04T04:15:00Z,ETHUSDT,2446.37,2452.09,2445.13,2449.66,485.51
2026-01-04T04:30:00Z,BTCUSDT,43006.63,43078.8,42978.16,43055.96,305.18
2026-01-04T04:30:00Z,ETHUSDT,2449.66,2455.56,2437.15,2442.62,497.72
2026-01-04T04:45:00Z,BTCUSDT,43055.96,43104.27,42916.58,42942.84,517.66
2026-01-04T04:45:00Z,ETHUSDT,2442.62,2453.66,2426.32,2430.7,783.24
2026-01-04T05:00:00Z,BTCUSDT,42942.84,43086.54,42861.66,43005.9,626.51
2026-01-04T05:00:00Z,ETHUSDT,2430.7,2444.46,2426.19,2440.84,189.08
2026-01-04T05:15:00Z,BTCUSDT,43005.9,43227.6,42980.97,43212.9,706.67
2026-01-04T05:15:00Z,ETHUSDT,2440.84,2458.68,2437.32,2454.75,512.31
2026-01-04T05:30:00Z,BTCUSDT,43212.9,43326.87,43196.44,43285.16,501.82
2026-01-04T05:30:00Z,ETHUSDT,2454.75,2457.62,2451.29,2455.85,549.88
2026-01-04T05:45:00Z,BTCUSDT,43285.16,43364.1,43188.11,43263.0,491.12
2026-01-04T05:45:00Z,ETHUSDT,2455.85,2461.93,2452.63,2460.55,677.3
2026-01-04T06:00:00Z,BTCUSDT,43263.0,43297.14,43150.84,43199.25,345.26
2026-01-04T06:00:00Z,ETHUSDT,2460.55,2467.27,2450.69,2452.63,481.25
2026-01-04T06:15:00Z,BTCUSDT,43199.25,43249.8,43132.12,43177.69,598.95
2026-01-04T06:15:00Z,ETHUSDT,2452.63,2455.72,2448.93,2453.76,153.28
2026-01-04T06:30:00Z,BTCUSDT,43177.69,43233.29,43002.63,43080.89,608.85
2026-01-04T06:30:00Z,ETHUSDT,2453.76,2456.45,2444.56,2446.62,424.15
2026-01-04T06:45:00Z,BTCUSDT,43080.89,43119.36,42950.9,42976.1,546.13
2026-01-04T06:45:00Z,ETHUSDT,2446.62,2450.72,2445.4,2448.41,130.98
2026-01-04T07:00:00Z,BTCUSDT,42976.1,43053.77,42924.06,42945.86,155.02
2026-01-04T07:00:00Z,ETHUSDT,2448.41,2454.21,2444.23,2449.98,495.55
2026-01-04T07:15:00Z,BTCUSDT,42945.86,43187.28,42835.98,43089.32,814.97
2026-01-04T07:15:00Z,ETHUSDT,2449.98,2469.96,2439.47,2460.17,796.74
2026-01-04T07:30:00Z,BTCUSDT,43089.32,43182.98,42766.76,42905.51,696.11
2026-01-04T07:30:00Z,ETHUSDT,2460.17,2472.65,2439.15,2450.55,444.56
2026-01-04T07:45:00Z,BTCUSDT,42905.51,42968.93,42863.97,42931.39,429.63
2026-01-04T07:45:00Z,ETHUSDT,2450.55,2456.42,2449.74,2453.84,142.2
2026-01-04T08:00:00Z,BTCUSDT,42931.39,42942.47,42890.54,42910.8,343.87
2026-01-04T08:00:00Z,ETHUSDT,2453.84,2456.39,2451.89,2452.84,214.11
2026-01-04T08:15:00Z,BTCUSDT,42910.8,42979.85,42877.36,42926.94,258.55
2026-01-04T08:15:00Z,ETHUSDT,2452.84,2457.31,2450.56,2454.7,322.93
2026-01-04T08:30:00Z,BTCUSDT,42926.94,43071.21,42887.78,43050.82,482.9
2026-01-04T08:30:00Z,ETHUSDT,2454.7,2462.91,2453.81,2458.89,567.83
2026-01-04T08:45:00Z,BTCUSDT,43050.82,43327.04,42955.23,43210.81,414.1
2026-01-04T08:45:00Z,ETHUSDT,2458.89,2479.05,2445.68,2470.65,524.71
2026-01-04T09:00:00Z,BTCUSDT,43210.81,43247.21,43128.36,43178.03,189.08
2026-01-04T09:00:00Z,ETHUSDT,2470.65,2471.89,2463.93,2466.35,278.5
2026-01-04T09:15:00Z,BTCUSDT,43178.03,43272.85,43121.9,43238.52,231.81
2026-01-04T09:15:00Z,ETHUSDT,2466.35,2475.86,2463.07,2474.31,730.05
2026-01-04T09:30:00Z,BTCUSDT,43238.52,43255.18,43118.33,43142.84,559.06
2026-01-04T09:30:00Z,ETHUSDT,2474.31,2480.41,2459.63,2465.17,544.44
2026-01-04T09:45:00Z,BTCUSDT,43142.84,43164.05,43027.31,43077.73,450.37
2026-01-04T09:45:00Z,ETHUSDT,2465.17,2468.31,2458.49,2459.75,226.28
2026-01-04T10:00:00Z,BTCUSDT,43077.73,43129.47,42884.47,42949.41,678.32
2026-01-04T10:00:00Z,ETHUSDT,2459.75,2464.18,2438.2,2447.7,558.98
2026-01-04T10:15:00Z,BTCUSDT,42949.41,43338.29,42668.75,43211.76,973.04
2026-01-04T10:15:00Z,ETHUSDT,2447.7,2480.97,2438.87,2465.93,1036.81
2026-01-04T10:30:00Z,BTCUSDT,43211.76,43472.31,43097.96,43349.45,628.09
2026-01-04T10:30:00Z,ETHUSDT,2465.93,2482.4,2462.62,2480.41,884.13
2026-01-04T10:45:00Z,BTCUSDT,43349.45,43425.54,43162.83,43200.08,296.76
2026-01-04T10:45:00Z,ETHUSDT,2480.41,2485.41,2471.53,2473.23,339.76
2026-01-04T11:00:00Z,BTCUSDT,43200.08,43301.83,43163.47,43266.84,535.04
2026-01-04T11:00:00Z,ETHUSDT,2473.23,2482.87,2471.42,2480.26,733.51
2026-01-04T11:15:00Z,BTCUSDT,43266.84,43294.73,43246.02,43282.04,158.72
2026-01-04T11:15:00Z,ETHUSDT,2480.26,2485.02,2474.35,2478.3,634.7
2026-01-04T11:30:00Z,BTCUSDT,43282.04,43313.5,43142.11,43168.33,324.16
2026-01-04T11:30:00Z,ETHUSDT,2478.3,2485.81,2463.08,2471.26,193.98
2026-01-04T11:45:00Z,BTCUSDT,43168.33,43288.71,43147.99,43248.54,404.18
2026-01-04T11:45:00Z,ETHUSDT,2471.26,2485.19,2468.78,2478.45,191.62
2026-01-04T12:00:00Z,BTCUSDT,43248.54,43317.47,43223.52,43264.94,130.46
2026-01-04T12:00:00Z,ETHUSDT,2478.45,2482.62,2473.76,2480.28,616.13
2026-01-04T12:15:00Z,BTCUSDT,43264.94,43311.7,43233.16,43259.2,354.45
2026-01-04T12:15:00Z,ETHUSDT,2480.28,2482.19,2475.77,2476.89,587.5
2026-01-04T12:30:00Z,BTCUSDT,43259.2,43557.04,43053.97,43444.84,258.24
2026-01-04T12:30:00Z,ETHUSDT,2476.89,2494.13,2475.34,2491.01,199.71
2026-01-04T12:45:00Z,BTCUSDT,43444.84,43511.21,43385.43,43491.48,212.17
2026-01-04T12:45:00Z,ETHUSDT,2491.01,2496.6,2486.83,2492.97,223.97
2026-01-04T13:00:00Z,BTCUSDT,43491.48,43502.63,43391.45,43428.63,370.29
2026-01-04T13:00:00Z,ETHUSDT,2492.97,2494.76,2492.07,2494.5,641.9
2026-01-04T13:15:00Z,BTCUSDT,43428.63,43471.31,43406.21,43449.52,222.68
2026-01-04T13:15:00Z,ETHUSDT,2494.5,2496.33,2493.24,2495.22,645.71
2026-01-04T13:30:00Z,BTCUSDT,43449.52,43535.11,43164.66,43316.35,157.31
2026-01-04T13:30:00Z,ETHUSDT,2495.22,2498.13,2481.08,2486.93,455.11
2026-01-04T13:45:00Z,BTCUSDT,43316.35,43364.6,43298.92,43313.69,136.96
2026-01-04T13:45:00Z,ETHUSDT,2486.93,2487.79,2485.85,2487.36,314.7
2026-01-04T14:00:00Z,BTCUSDT,43313.69,43776.36,43047.43,43624.74,338.41
2026-01-04T14:00:00Z,ETHUSDT,2487.36,2528.01,2471.48,2514.61,848.54
2026-01-04T14:15:00Z,BTCUSDT,43624.74,43724.91,43603.79,43666.0,236.44
2026-01-04T14:15:00Z,ETHUSDT,2514.61,2530.39,2509.65,2524.44,520.35
2026-01-04T14:30:00Z,BTCUSDT,43666.0,43732.61,43629.72,43673.12,549.16
2026-01-04T14:30:00Z,ETHUSDT,2524.44,2527.85,2522.93,2525.03,355.19
2026-01-04T14:45:00Z,BTCUSDT,43673.12,43744.53,43533.27,43571.53,248.69
2026-01-04T14:45:00Z,ETHUSDT,2525.03,2526.02,2516.64,2517.36,349.32
2026-01-04T15:00:00Z,BTCUSDT,43571.53,43632.01,43545.68,43593.94,341.3
2026-01-04T15:00:00Z,ETHUSDT,2517.36,2522.16,2510.62,2513.47,616.32
2026-01-04T15:15:00Z,BTCUSDT,43593.94,43634.83,43549.84,43573.04,488.72
2026-01-04T15:15:00Z,ETHUSDT,2513.47,2515.68,2508.7,2509.42,588.99
2026-01-04T15:30:00Z,BTCUSDT,43573.04,43676.08,43544.76,43644.61,417.82
2026-01-04T15:30:00Z,ETHUSDT,2509.42,2510.69,2509.06,2510.07,384.48
2026-01-04T15:45:00Z,BTCUSDT,43644.61,43836.74,43522.79,43788.46,530.54
2026-01-04T15:45:00Z,ETHUSDT,2510.07,2525.98,2506.97,2522.23,436.74
2026-01-04T16:00:00Z,BTCUSDT,43788.46,43873.41,43721.9,43830.07,306.68
2026-01-04T16:00:00Z,ETHUSDT,2522.23,2527.45,2520.45,2526.25,310.46
2026-01-04T16:15:00Z,BTCUSDT,43830.07,43915.31,43794.19,43836.6,170.47
2026-01-04T16:15:00Z,ETHUSDT,2526.25,2527.36,2521.01,2523.32,541.72
2026-01-04T16:30:00Z,BTCUSDT,43836.6,43853.81,43832.38,43838.17,174.9
2026-01-04T16:30:00Z,ETHUSDT,2523.32,2529.77,2518.91,2527.65,240.75
2026-01-04T16:45:00Z,BTCUSDT,43838.17,43881.39,43749.99,43806.79,616.01
2026-01-04T16:45:00Z,ETHUSDT,2527.65,2530.52,2526.78,2528.07,159.81
2026-01-04T17:00:00Z,BTCUSDT,43806.79,44122.48,43683.23,43967.51,837.04
2026-01-04T17:00:00Z,ETHUSDT,2528.07,2536.1,2525.44,2533.61,701.83
2026-01-04T17:15:00Z,BTCUSDT,43967.51,43999.27,43885.06,43902.21,720.88
2026-01-04T17:15:00Z,ETHUSDT,2533.61,2536.83,2524.81,2527.85,240.87
2026-01-04T17:30:00Z,BTCUSDT,43902.21,43976.98,43862.66,43896.84,360.48
2026-01-04T17:30:00Z,ETHUSDT,2527.85,2529.18,2521.31,2523.75,436.88
2026-01-04T17:45:00Z,BTCUSDT,43896.84,44111.11,43866.17,44058.16,455.56
2026-01-04T17:45:00Z,ETHUSDT,2523.75,2555.05,2512.84,2539.64,829.18
2026-01-04T18:00:00Z,BTCUSDT,44058.16,44100.44,43955.11,43988.83,244.92
2026-01-04T18:00:00Z,ETHUSDT,2539.64,2540.46,2533.99,2536.83,204.02
2026-01-04T18:15:00Z,BTCUSDT,43988.83,44013.96,43931.59,43977.4,535.92
2026-01-04T18:15:00Z,ETHUSDT,2536.83,2541.27,2534.7,2537.04,515.17
2026-01-04T18:30:00Z,BTCUSDT,43977.4,44131.33,43913.31,44100.98,398.97
2026-01-04T18:30:00Z,ETHUSDT,2537.04,2559.42,2524.82,2546.65,176.85
2026-01-04T18:45:00Z,BTCUSDT,44100.98,44369.1,44046.34,44231.1,631.95
2026-01-04T18:45:00Z,ETHUSDT,2546.65,2562.45,2542.67,2559.49,207.52
2026-01-04T19:00:00Z,BTCUSDT,44231.1,44290.79,44138.84,44208.73,341.06
2026-01-04T19:00:00Z,ETHUSDT,2559.49,2560.58,2555.86,2559.35,467.65
2026-01-04T19:15:00Z,BTCUSDT,44208.73,44388.09,44177.08,44308.12,724.71
2026-01-04T19:15:00Z,ETHUSDT,2559.35,2572.84,2556.93,2570.59,857.05
2026-01-04T19:30:00Z,BTCUSDT,44308.12,44320.47,44244.78,44273.18,195.86
2026-01-04T19:30:00Z,ETHUSDT,2570.59,2571.3,2568.26,2569.3,314.63
2026-01-04T19:45:00Z,BTCUSDT,44273.18,44340.43,44227.5,44317.54,424.34
2026-01-04T19:45:00Z,ETHUSDT,2569.3,2581.59,2567.88,2577.95,804.73
2026-01-04T20:00:00Z,BTCUSDT,44317.54,44612.64,44269.78,44517.98,771.37
2026-01-04T20:00:00Z,ETHUSDT,2577.95,2594.23,2574.04,2590.08,361.07
2026-01-04T20:15:00Z,BTCUSDT,44517.98,44543.58,44426.9,44491.03,524.31
2026-01-04T20:15:00Z,ETHUSDT,2590.08,2591.57,2585.84,2587.09,431.7
2026-01-04T20:30:00Z,BTCUSDT,44491.03,44549.79,44343.38,44412.78,232.14
2026-01-04T20:30:00Z,ETHUSDT,2587.09,2589.9,2578.04,2582.8,596.72
2026-01-04T20:45:00Z,BTCUSDT,44412.78,44441.51,44357.3,44390.47,151.99
2026-01-04T20:45:00Z,ETHUSDT,2582.8,2585.98,2578.1,2579.68,303.79
2026-01-04T21:00:00Z,BTCUSDT,44390.47,44436.64,44364.26,44391.21,209.4
2026-01-04T21:00:00Z,ETHUSDT,2579.68,2583.42,2575.05,2580.01,126.29
2026-01-04T21:15:00Z,BTCUSDT,44391.21,44498.78,44188.97,44271.51,674.42
2026-01-04T21:15:00Z,ETHUSDT,2580.01,2582.09,2565.42,2570.85,438.27
2026-01-04T21:30:00Z,BTCUSDT,44271.51,44316.39,44079.9,44162.97,280.43
2026-01-04T21:30:00Z,ETHUSDT,2570.85,2572.29,2563.33,2566.12,167.04
2026-01-04T21:45:00Z,BTCUSDT,44162.97,44292.35,43954.15,44052.75,174.67
2026-01-04T21:45:00Z,ETHUSDT,2566.12,2570.83,2553.73,2559.09,636.77
2026-01-04T22:00:00Z,BTCUSDT,44052.75,44082.46,43978.16,43996.36,263.84
2026-01-04T22:00:00Z,ETHUSDT,2559.09,2562.49,2554.33,2558.83,240.93
2026-01-04T22:15:00Z,BTCUSDT,43996.36,44085.9,43957.81,44045.25,282.33
2026-01-04T22:15:00Z,ETHUSDT,2558.83,2573.31,2555.87,2565.9,278.62
2026-01-04T22:30:00Z,BTCUSDT,44045.25,44095.31,43934.25,43973.57,661.33
2026-01-04T22:30:00Z,ETHUSDT,2565.9,2569.31,2553.35,2555.36,277.42
2026-01-04T22:45:00Z,BTCUSDT,43973.57,43994.06,43955.72,43979.89,596.13
2026-01-04T22:45:00Z,ETHUSDT,2555.36,2557.31,2553.2,2556.32,558.04
2026-01-04T23:00:00Z,BTCUSDT,43979.89,43992.74,43956.93,43973.2,548.04
2026-01-04T23:00:00Z,ETHUSDT,2556.32,2563.97,2551.72,2559.31,174.63
2026-01-04T23:15:00Z,BTCUSDT,43973.2,44045.42,43946.79,43991.45,643.09
2026-01-04T23:15:00Z,ETHUSDT,2559.31,2560.56,2551.53,2554.13,519.11
2026-01-04T23:30:00Z,BTCUSDT,43991.45,44064.61,43969.23,44038.35,577.46
2026-01-04T23:30:00Z,ETHUSDT,2554.13,2555.11,2551.9,2554.0,551.06
2026-01-04T23:45:00Z,BTCUSDT,44038.35,44064.19,43905.12,43980.28,584.35
2026-01-04T23:45:00Z,ETHUSDT,2554.0,2558.06,2544.15,2549.36,197.62
2026-01-05T00:00:00Z,BTCUSDT,43980.28,44516.65,43800.74,44295.31,543.7
2026-01-05T00:00:00Z,ETHUSDT,2549.36,2589.49,2536.84,2577.31,314.5
2026-01-05T00:15:00Z,BTCUSDT,44295.31,44502.26,44262.88,44420.26,451.9
2026-01-05T00:15:00Z,ETHUSDT,2577.31,2596.32,2564.07,2588.42,533.83
2026-01-05T00:30:00Z,BTCUSDT,44420.26,44462.28,44333.09,44376.23,225.12
2026-01-05T00:30:00Z,ETHUSDT,2588.42,2589.56,2580.39,2582.28,407.13
2026-01-05T00:45:00Z,BTCUSDT,44376.23,44458.97,44231.82,44305.74,725.12
2026-01-05T00:45:00Z,ETHUSDT,2582.28,2585.41,2576.55,2579.64,313.31
2026-01-05T01:00:00Z,BTCUSDT,44305.74,44377.33,44269.65,44335.09,591.54
2026-01-05T01:00:00Z,ETHUSDT,2579.64,2589.3,2575.75,2585.02,142.81
2026-01-05T01:15:00Z,BTCUSDT,44335.09,44431.04,44319.67,44403.86,177.35
2026-01-05T01:15:00Z,ETHUSDT,2585.02,2588.78,2583.26,2586.6,389.87
2026-01-05T01:30:00Z,BTCUSDT,44403.86,44457.59,44368.65,44397.59,389.47
2026-01-05T01:30:00Z,ETHUSDT,2586.6,2589.88,2582.7,2585.89,493.68
2026-01-05T01:45:00Z,BTCUSDT,44397.59,44432.0,44256.55,44289.14,325.16
2026-01-05T01:45:00Z,ETHUSDT,2585.89,2586.67,2581.75,2583.19,393.18
2026-01-05T02:00:00Z,BTCUSDT,44289.14,44362.33,44143.35,44160.98,573.47
2026-01-05T02:00:00Z,ETHUSDT,2583.19,2584.68,2574.04,2576.17,537.57
2026-01-05T02:15:00Z,BTCUSDT,44160.98,44271.85,43863.32,44002.06,642.47
2026-01-05T02:15:00Z,ETHUSDT,2576.17,2583.03,2557.1,2560.63,985.81
2026-01-05T02:30:00Z,BTCUSDT,44002.06,44057.79,43964.01,43991.09,398.58
2026-01-05T02:30:00Z,ETHUSDT,2560.63,2563.22,2556.91,2558.69,236.13
2026-01-05T02:45:00Z,BTCUSDT,43991.09,44018.83,43968.86,43986.79,178.16
2026-01-05T02:45:00Z,ETHUSDT,2558.69,2566.77,2556.98,2562.58,218.98
2026-01-05T03:00:00Z,BTCUSDT,43986.79,44024.35,43641.67,43772.69,292.46
2026-01-05T03:00:00Z,ETHUSDT,2562.58,2575.03,2537.5,2542.37,861.98
2026-01-05T03:15:00Z,BTCUSDT,43772.69,43844.62,43587.18,43669.05,344.83
2026-01-05T03:15:00Z,ETHUSDT,2542.37,2543.43,2529.01,2533.66,162.0
2026-01-05T03:30:00Z,BTCUSDT,43669.05,43762.18,43635.88,43727.6,316.85
2026-01-05T03:30:00Z,ETHUSDT,2533.66,2536.74,2531.32,2536.07,485.83
2026-01-05T03:45:00Z,BTCUSDT,43727.6,43819.57,43023.67,43266.14,713.49
2026-01-05T03:45:00Z,ETHUSDT,2536.07,2563.33,2491.18,2504.27,863.72
2026-01-05T04:00:00Z,BTCUSDT,43266.14,43410.51,43001.29,43104.88,512.44
2026-01-05T04:00:00Z,ETHUSDT,2504.27,2509.4,2488.74,2492.14,912.09
2026-01-05T04:15:00Z,BTCUSDT,43104.88,43289.45,43072.22,43204.66,513.53
2026-01-05T04:15:00Z,ETHUSDT,2492.14,2503.31,2487.96,2499.19,178.24
2026-01-05T04:30:00Z,BTCUSDT,43204.66,43552.23,42692.28,42793.9,925.2
2026-01-05T04:30:00Z,ETHUSDT,2499.19,2528.36,2443.74,2466.54,797.17
2026-01-05T04:45:00Z,BTCUSDT,42793.9,42927.53,42476.65,42556.98,422.89
2026-01-05T04:45:00Z,ETHUSDT,2466.54,2472.47,2441.7,2446.34,286.82
2026-01-05T05:00:00Z,BTCUSDT,42556.98,42667.57,42336.91,42396.91,338.26
2026-01-05T05:00:00Z,ETHUSDT,2446.34,2454.92,2426.53,2436.27,422.58
2026-01-05T05:15:00Z,BTCUSDT,42396.91,42479.28,41948.05,42190.63,703.36
2026-01-05T05:15:00Z,ETHUSDT,2436.27,2441.71,2402.39,2417.29,510.24
2026-01-05T05:30:00Z,BTCUSDT,42190.63,42269.18,41967.81,42058.04,756.63
2026-01-05T05:30:00Z,ETHUSDT,2417.29,2429.41,2397.18,2404.77,866.43
2026-01-05T05:45:00Z,BTCUSDT,42058.04,42117.31,42037.88,42095.68,679.25
2026-01-05T05:45:00Z,ETHUSDT,2404.77,2405.82,2403.23,2403.55,131.41
2026-01-05T06:00:00Z,BTCUSDT,42095.68,42269.04,41661.1,41751.75,528.37
2026-01-05T06:00:00Z,ETHUSDT,2403.55,2414.13,2373.45,2380.98,368.69
2026-01-05T06:15:00Z,BTCUSDT,41751.75,41828.34,41114.82,41380.75,443.86
2026-01-05T06:15:00Z,ETHUSDT,2380.98,2396.85,2342.76,2350.2,463.35
2026-01-05T06:30:00Z,BTCUSDT,41380.75,41422.27,41298.96,41338.49,181.27
2026-01-05T06:30:00Z,ETHUSDT,2350.2,2354.7,2347.49,2350.44,213.58
2026-01-05T06:45:00Z,BTCUSDT,41338.49,41502.19,40981.18,41119.69,302.51
2026-01-05T06:45:00Z,ETHUSDT,2350.44,2357.73,2328.54,2336.72,923.02
2026-01-05T07:00:00Z,BTCUSDT,41119.69,41184.06,41077.15,41148.53,468.82
2026-01-05T07:00:00Z,ETHUSDT,2336.72,2339.1,2334.71,2337.69,625.17
2026-01-05T07:15:00Z,BTCUSDT,41148.53,41169.41,41096.08,41142.76,368.3
2026-01-05T07:15:00Z,ETHUSDT,2337.69,2340.54,2333.95,2335.24,159.0
2026-01-05T07:30:00Z,BTCUSDT,41142.76,41208.89,41066.43,41106.0,295.37
2026-01-05T07:30:00Z,ETHUSDT,2335.24,2337.37,2331.24,2332.23,573.53
2026-01-05T07:45:00Z,BTCUSDT,41106.0,41120.4,40979.42,41013.73,643.34
2026-01-05T07:45:00Z,ETHUSDT,2332.23,2335.28,2320.51,2324.19,392.84
2026-01-05T08:00:00Z,BTCUSDT,41013.73,41156.8,40976.68,41086.12,515.51
2026-01-05T08:00:00Z,ETHUSDT,2324.19,2329.62,2322.26,2328.23,568.12
2026-01-05T08:15:00Z,BTCUSDT,41086.12,41151.89,41046.35,41123.09,479.39
2026-01-05T08:15:00Z,ETHUSDT,2328.23,2336.73,2323.38,2335.59,293.09
2026-01-05T08:30:00Z,BTCUSDT,41123.09,41296.59,40734.34,40879.05,942.9
2026-01-05T08:30:00Z,ETHUSDT,2335.59,2346.41,2311.58,2317.09,577.81
2026-01-05T08:45:00Z,BTCUSDT,40879.05,41023.8,40839.55,40989.25,744.93
2026-01-05T08:45:00Z,ETHUSDT,2317.09,2335.43,2311.3,2328.3,526.82
2026-01-05T09:00:00Z,BTCUSDT,40989.25,41066.53,40799.98,40868.52,498.85
2026-01-05T09:00:00Z,ETHUSDT,2328.3,2343.19,2311.26,2316.33,775.7
2026-01-05T09:15:00Z,BTCUSDT,40868.52,41179.8,40799.04,41055.48,292.11
2026-01-05T09:15:00Z,ETHUSDT,2316.33,2345.5,2308.78,2333.75,437.17
2026-01-05T09:30:00Z,BTCUSDT,41055.48,41082.42,40973.45,40998.42,689.76
2026-01-05T09:30:00Z,ETHUSDT,2333.75,2334.74,2324.28,2326.8,509.0
2026-01-05T09:45:00Z,BTCUSDT,40998.42,41019.18,40619.54,40680.25,786.6
2026-01-05T09:45:00Z,ETHUSDT,2326.8,2335.18,2295.86,2306.75,430.33
2026-01-05T10:00:00Z,BTCUSDT,40680.25,40755.31,40510.26,40587.8,392.15
2026-01-05T10:00:00Z,ETHUSDT,2306.75,2312.95,2295.35,2298.91,774.44
2026-01-05T10:15:00Z,BTCUSDT,40587.8,40655.08,40544.15,40624.26,626.07
2026-01-05T10:15:00Z,ETHUSDT,2298.91,2300.66,2295.54,2298.21,606.74
2026-01-05T10:30:00Z,BTCUSDT,40624.26,40663.92,40504.24,40566.96,529.02
2026-01-05T10:30:00Z,ETHUSDT,2298.21,2301.78,2294.42,2296.75,386.02
2026-01-05T10:45:00Z,BTCUSDT,40566.96,40796.93,40500.08,40696.94,317.21
2026-01-05T10:45:00Z,ETHUSDT,2296.75,2308.87,2288.23,2306.37,718.58
2026-01-05T11:00:00Z,BTCUSDT,40696.94,40739.25,40543.43,40613.11,713.64
2026-01-05T11:00:00Z,ETHUSDT,2306.37,2310.93,2296.83,2298.72,636.76
2026-01-05T11:15:00Z,BTCUSDT,40613.11,40633.43,40596.56,40625.23,153.67
2026-01-05T11:15:00Z,ETHUSDT,2298.72,2306.06,2297.12,2302.23,685.51
2026-01-05T11:30:00Z,BTCUSDT,40625.23,40671.31,40433.16,40507.89,313.84
2026-01-05T11:30:00Z,ETHUSDT,2302.23,2317.98,2275.67,2288.94,316.23
2026-01-05T11:45:00Z,BTCUSDT,40507.89,40837.75,40330.19,40761.89,875.08
2026-01-05T11:45:00Z,ETHUSDT,2288.94,2320.73,2283.56,2310.15,226.62
2026-01-05T12:00:00Z,BTCUSDT,40761.89,41011.11,40683.08,40900.35,498.79
2026-01-05T12:00:00Z,ETHUSDT,2310.15,2326.95,2300.92,2322.61,525.26
2026-01-05T12:15:00Z,BTCUSDT,40900.35,41039.68,40862.7,40968.42,236.79
2026-01-05T12:15:00Z,ETHUSDT,2322.61,2339.35,2320.42,2333.66,186.58
2026-01-05T12:30:00Z,BTCUSDT,40968.42,41132.99,40621.24,40706.15,859.06
2026-01-05T12:30:00Z,ETHUSDT,2333.66,2349.55,2298.97,2309.89,274.28
2026-01-05T12:45:00Z,BTCUSDT,40706.15,41120.7,40565.2,40983.75,749.01
2026-01-05T12:45:00Z,ETHUSDT,2309.89,2356.59,2288.74,2330.03,621.48
2026-01-05T13:00:00Z,BTCUSDT,40983.75,41153.44,40802.04,40853.25,386.02
2026-01-05T13:00:00Z,ETHUSDT,2330.03,2331.61,2323.62,2325.01,753.21
2026-01-05T13:15:00Z,BTCUSDT,40853.25,41423.37,40671.5,41191.55,397.33
2026-01-05T13:15:00Z,ETHUSDT,2325.01,2365.96,2315.27,2350.79,321.56
2026-01-05T13:30:00Z,BTCUSDT,41191.55,41225.99,41041.95,41064.38,463.5
2026-01-05T13:30:00Z,ETHUSDT,2350.79,2353.61,2336.43,2341.74,488.59
2026-01-05T13:45:00Z,BTCUSDT,41064.38,41115.19,40945.54,41010.22,524.68
2026-01-05T13:45:00Z,ETHUSDT,2341.74,2342.13,2338.97,2339.28,357.99
2026-01-05T14:00:00Z,BTCUSDT,41010.22,41063.94,40975.58,41010.48,277.96
2026-01-05T14:00:00Z,ETHUSDT,2339.28,2340.47,2334.42,2336.43,314.48
2026-01-05T14:15:00Z,BTCUSDT,41010.48,41077.6,40922.88,40991.55,605.4
2026-01-05T14:15:00Z,ETHUSDT,2336.43,2338.76,2323.01,2329.88,294.38
2026-01-05T14:30:00Z,BTCUSDT,40991.55,41407.17,40918.26,41258.87,647.87
2026-01-05T14:30:00Z,ETHUSDT,2329.88,2364.79,2308.41,2354.89,1246.69
2026-01-05T14:45:00Z,BTCUSDT,41258.87,41346.31,41229.16,41292.69,585.55
2026-01-05T14:45:00Z,ETHUSDT,2354.89,2360.26,2352.84,2357.92,669.57
2026-01-05T15:00:00Z,BTCUSDT,41292.69,41346.3,40996.64,41030.1,557.93
2026-01-05T15:00:00Z,ETHUSDT,2357.92,2365.32,2322.42,2333.42,883.87
2026-01-05T15:15:00Z,BTCUSDT,41030.1,41265.16,40981.48,41174.97,551.17
2026-01-05T15:15:00Z,ETHUSDT,2333.42,2347.42,2329.04,2344.15,455.59
2026-01-05T15:30:00Z,BTCUSDT,41174.97,41364.13,41138.55,41319.44,268.24
2026-01-05T15:30:00Z,ETHUSDT,2344.15,2366.46,2337.54,2356.36,496.49
2026-01-05T15:45:00Z,BTCUSDT,41319.44,41363.8,41228.97,41257.41,283.49
2026-01-05T15:45:00Z,ETHUSDT,2356.36,2357.7,2354.91,2355.39,309.46
2026-01-05T16:00:00Z,BTCUSDT,41257.41,42093.2,40971.4,41645.23,618.18
2026-01-05T16:00:00Z,ETHUSDT,2355.39,2394.87,2348.55,2384.81,751.9
2026-01-05T16:15:00Z,BTCUSDT,41645.23,41796.67,41613.91,41779.96,348.52
2026-01-05T16:15:00Z,ETHUSDT,2384.81,2396.78,2382.85,2393.26,793.52
2026-01-05T16:30:00Z,BTCUSDT,41779.96,41832.85,41666.37,41703.42,170.51
2026-01-05T16:30:00Z,ETHUSDT,2393.26,2394.98,2387.75,2389.89,710.93
2026-01-05T16:45:00Z,BTCUSDT,41703.42,42006.37,41660.32,41861.3,230.0
2026-01-05T16:45:00Z,ETHUSDT,2389.89,2417.64,2386.74,2406.74,634.86
2026-01-05T17:00:00Z,BTCUSDT,41861.3,41907.41,41491.06,41609.03,943.43
2026-01-05T17:00:00Z,ETHUSDT,2406.74,2412.36,2376.28,2383.85,658.65
2026-01-05T17:15:00Z,BTCUSDT,41609.03,41705.13,41421.8,41481.6,379.74
2026-01-05T17:15:00Z,ETHUSDT,2383.85,2389.8,2370.31,2376.24,628.3
2026-01-05T17:30:00Z,BTCUSDT,41481.6,41576.26,41298.78,41395.73,674.66
2026-01-05T17:30:00Z,ETHUSDT,2376.24,2377.56,2364.25,2365.5,318.23
2026-01-05T17:45:00Z,BTCUSDT,41395.73,41706.22,41343.89,41574.42,237.59
2026-01-05T17:45:00Z,ETHUSDT,2365.5,2377.36,2362.01,2375.91,864.48
2026-01-05T18:00:00Z,BTCUSDT,41574.42,41946.03,41006.04,41243.61,590.6
2026-01-05T18:00:00Z,ETHUSDT,2375.91,2387.13,2341.77,2349.03,827.4
2026-01-05T18:15:00Z,BTCUSDT,41243.61,41249.08,41169.12,41176.37,157.59
2026-01-05T18:15:00Z,ETHUSDT,2349.03,2349.98,2345.59,2346.63,512.4
2026-01-05T18:30:00Z,BTCUSDT,41176.37,41308.74,41109.49,41240.37,359.74
2026-01-05T18:30:00Z,ETHUSDT,2346.63,2355.25,2339.86,2352.32,591.67
2026-01-05T18:45:00Z,BTCUSDT,41240.37,41303.24,40917.43,40973.79,626.26
2026-01-05T18:45:00Z,ETHUSDT,2352.32,2364.57,2324.6,2328.81,823.59
2026-01-05T19:00:00Z,BTCUSDT,40973.79,40992.76,40702.06,40777.04,855.14
2026-01-05T19:00:00Z,ETHUSDT,2328.81,2332.9,2316.45,2318.64,450.38
2026-01-05T19:15:00Z,BTCUSDT,40777.04,40918.84,40461.44,40518.26,430.17
2026-01-05T19:15:00Z,ETHUSDT,2318.64,2326.91,2294.66,2303.4,615.01
2026-01-05T19:30:00Z,BTCUSDT,40518.26,40880.76,40425.49,40714.26,276.76
2026-01-05T19:30:00Z,ETHUSDT,2303.4,2314.29,2300.64,2313.3,234.1
2026-01-05T19:45:00Z,BTCUSDT,40714.26,40737.79,40701.22,40717.49,562.97
2026-01-05T19:45:00Z,ETHUSDT,2313.3,2315.91,2308.89,2313.46,595.73
2026-01-05T20:00:00Z,BTCUSDT,40717.49,41130.89,40686.53,41016.84,703.36
2026-01-05T20:00:00Z,ETHUSDT,2313.46,2344.1,2299.76,2333.98,681.51
2026-01-05T20:15:00Z,BTCUSDT,41016.84,41098.22,40703.28,40859.15,182.43
2026-01-05T20:15:00Z,ETHUSDT,2333.98,2347.54,2315.84,2319.98,464.59
2026-01-05T20:30:00Z,BTCUSDT,40859.15,40937.22,40794.4,40903.74,201.63
2026-01-05T20:30:00Z,ETHUSDT,2319.98,2329.89,2316.34,2325.69,157.21
2026-01-05T20:45:00Z,BTCUSDT,40903.74,41080.94,40878.48,41002.41,708.07
2026-01-05T20:45:00Z,ETHUSDT,2325.69,2329.49,2323.79,2328.83,159.7
2026-01-05T21:00:00Z,BTCUSDT,41002.41,41563.04,40748.04,41293.15,627.23
2026-01-05T21:00:00Z,ETHUSDT,2328.83,2357.83,2314.35,2346.83,603.42
2026-01-05T21:15:00Z,BTCUSDT,41293.15,41308.12,41230.2,41254.18,588.06
2026-01-05T21:15:00Z,ETHUSDT,2346.83,2349.04,2331.0,2336.96,689.13
2026-01-05T21:30:00Z,BTCUSDT,41254.18,41355.46,41021.27,41102.18,619.39
2026-01-05T21:30:00Z,ETHUSDT,2336.96,2340.6,2324.62,2330.47,776.48
2026-01-05T21:45:00Z,BTCUSDT,41102.18,41178.84,40863.04,40934.49,761.23
2026-01-05T21:45:00Z,ETHUSDT,2330.47,2337.25,2314.68,2320.3,880.57
2026-01-05T22:00:00Z,BTCUSDT,40934.49,40985.14,40886.48,40954.03,221.92
2026-01-05T22:00:00Z,ETHUSDT,2320.3,2320.94,2320.0,2320.37,388.56
2026-01-05T22:15:00Z,BTCUSDT,40954.03,41273.71,40484.26,40662.0,981.26
2026-01-05T22:15:00Z,ETHUSDT,2320.37,2338.41,2272.07,2294.31,395.19
2026-01-05T22:30:00Z,BTCUSDT,40662.0,40696.14,40642.27,40683.66,333.36
2026-01-05T22:30:00Z,ETHUSDT,2294.31,2301.96,2290.79,2298.62,541.5
2026-01-05T22:45:00Z,BTCUSDT,40683.66,40876.38,40283.13,40439.62,508.84
2026-01-05T22:45:00Z,ETHUSDT,2298.62,2319.36,2260.51,2279.74,927.33
2026-01-05T23:00:00Z,BTCUSDT,40439.62,40812.21,40280.21,40646.58,715.72
2026-01-05T23:00:00Z,ETHUSDT,2279.74,2305.2,2270.01,2293.01,353.72
2026-01-05T23:15:00Z,BTCUSDT,40646.58,40725.58,40268.48,40428.57,642.68
2026-01-05T23:15:00Z,ETHUSDT,2293.01,2296.01,2277.7,2281.57,860.4
2026-01-05T23:30:00Z,BTCUSDT,40428.57,40637.52,40323.57,40534.55,316.06
2026-01-05T23:30:00Z,ETHUSDT,2281.57,2293.21,2277.72,2287.15,645.79
2026-01-05T23:45:00Z,BTCUSDT,40534.55,40723.12,40479.02,40663.48,161.04
2026-01-05T23:45:00Z,ETHUSDT,2287.15,2301.59,2278.47,2295.98,570.51
2026-01-06T00:00:00Z,BTCUSDT,40663.48,40668.05,40648.52,40662.35,203.16
2026-01-06T00:00:00Z,ETHUSDT,2295.98,2298.96,2291.66,2295.34,369.42
2026-01-06T00:15:00Z,BTCUSDT,40662.35,40695.48,40635.91,40658.14,144.77
2026-01-06T00:15:00Z,ETHUSDT,2295.34,2302.77,2291.14,2298.65,614.42
2026-01-06T00:30:00Z,BTCUSDT,40658.14,40705.8,40584.39,40666.78,614.61
2026-01-06T00:30:00Z,ETHUSDT,2298.65,2302.33,2296.63,2301.07,272.89
2026-01-06T00:45:00Z,BTCUSDT,40666.78,40683.59,40600.65,40631.26,652.78
2026-01-06T00:45:00Z,ETHUSDT,2301.07,2302.96,2299.12,2300.2,456.39
2026-01-06T01:00:00Z,BTCUSDT,40631.26,40870.81,40557.33,40793.52,632.02
2026-01-06T01:00:00Z,ETHUSDT,2300.2,2318.75,2298.33,2314.11,450.5
2026-01-06T01:15:00Z,BTCUSDT,40793.52,40814.26,40781.09,40795.88,169.31
2026-01-06T01:15:00Z,ETHUSDT,2314.11,2316.54,2312.77,2313.97,241.81
2026-01-06T01:30:00Z,BTCUSDT,40795.88,40948.71,40558.8,40668.2,231.29
2026-01-06T01:30:00Z,ETHUSDT,2313.97,2318.41,2297.16,2303.56,772.73
2026-01-06T01:45:00Z,BTCUSDT,40668.2,40695.12,40596.18,40626.93,528.18
2026-01-06T01:45:00Z,ETHUSDT,2303.56,2305.19,2300.46,2302.79,238.71
2026-01-06T02:00:00Z,BTCUSDT,40626.93,41038.22,40561.45,40866.57,538.15
2026-01-06T02:00:00Z,ETHUSDT,2302.79,2324.98,2292.01,2318.47,888.32
2026-01-06T02:15:00Z,BTCUSDT,40866.57,40940.26,40820.29,40885.27,558.06
2026-01-06T02:15:00Z,ETHUSDT,2318.47,2321.96,2317.68,2319.98,135.19
2026-01-06T02:30:00Z,BTCUSDT,40885.27,41331.07,40842.1,41211.81,447.16
2026-01-06T02:30:00Z,ETHUSDT,2319.98,2352.01,2315.77,2345.54,441.87
2026-01-06T02:45:00Z,BTCUSDT,41211.81,41220.4,41170.8,41186.18,154.53
2026-01-06T02:45:00Z,ETHUSDT,2345.54,2350.42,2336.74,2338.55,271.59
2026-01-06T03:00:00Z,BTCUSDT,41186.18,41465.15,41086.25,41372.18,897.74
2026-01-06T03:00:00Z,ETHUSDT,2338.55,2351.5,2332.73,2348.3,351.44
2026-01-06T03:15:00Z,BTCUSDT,41372.18,41711.67,41195.33,41579.02,249.98
2026-01-06T03:15:00Z,ETHUSDT,2348.3,2370.11,2337.72,2361.85,749.55
2026-01-06T03:30:00Z,BTCUSDT,41579.02,41610.77,41319.99,41376.25,225.97
2026-01-06T03:30:00Z,ETHUSDT,2361.85,2364.49,2348.23,2351.15,326.88
2026-01-06T03:45:00Z,BTCUSDT,41376.25,41447.47,41338.05,41404.17,156.86
2026-01-06T03:45:00Z,ETHUSDT,2351.15,2353.97,2349.06,2351.95,435.78
2026-01-06T04:00:00Z,BTCUSDT,41404.17,41446.64,41287.52,41334.0,643.03
2026-01-06T04:00:00Z,ETHUSDT,2351.95,2353.73,2344.98,2347.35,573.73
2026-01-06T04:15:00Z,BTCUSDT,41334.0,41427.97,41319.78,41413.93,447.55
2026-01-06T04:15:00Z,ETHUSDT,2347.35,2371.65,2338.41,2361.55,809.27
2026-01-06T04:30:00Z,BTCUSDT,41413.93,41648.93,41387.31,41552.2,705.03
2026-01-06T04:30:00Z,ETHUSDT,2361.55,2379.11,2353.2,2373.15,779.39
2026-01-06T04:45:00Z,BTCUSDT,41552.2,41567.22,41487.57,41517.32,261.29
2026-01-06T04:45:00Z,ETHUSDT,2373.15,2373.99,2369.04,2371.48,136.82
2026-01-06T05:00:00Z,BTCUSDT,41517.32,41634.66,41409.91,41602.8,688.73
2026-01-06T05:00:00Z,ETHUSDT,2371.48,2384.77,2362.75,2379.18,611.77
2026-01-06T05:15:00Z,BTCUSDT,41602.8,41717.84,41244.63,41350.34,851.33
2026-01-06T05:15:00Z,ETHUSDT,2379.18,2390.63,2348.49,2357.65,311.21
2026-01-06T05:30:00Z,BTCUSDT,41350.34,41567.51,41328.88,41465.72,730.91
2026-01-06T05:30:00Z,ETHUSDT,2357.65,2367.58,2355.26,2363.61,734.14
2026-01-06T05:45:00Z,BTCUSDT,41465.72,41607.65,41422.38,41588.34,688.25
2026-01-06T05:45:00Z,ETHUSDT,2363.61,2383.74,2353.76,2380.02,334.4
2026-01-06T06:00:00Z,BTCUSDT,41588.34,41643.07,41312.61,41387.25,795.08
2026-01-06T06:00:00Z,ETHUSDT,2380.02,2384.5,2361.64,2365.69,755.22
2026-01-06T06:15:00Z,BTCUSDT,41387.25,41423.43,41372.63,41411.05,412.97
2026-01-06T06:15:00Z,ETHUSDT,2365.69,2368.25,2364.13,2367.1,569.59
2026-01-06T06:30:00Z,BTCUSDT,41411.05,41552.74,41039.91,41092.92,889.17
2026-01-06T06:30:00Z,ETHUSDT,2367.1,2380.83,2313.83,2338.33,277.16
2026-01-06T06:45:00Z,BTCUSDT,41092.92,41203.65,41072.56,41138.2,685.7
2026-01-06T06:45:00Z,ETHUSDT,2338.33,2341.55,2336.17,2339.19,544.01
2026-01-06T07:00:00Z,BTCUSDT,41138.2,41182.51,41131.36,41168.13,135.78
2026-01-06T07:00:00Z,ETHUSDT,2339.19,2339.93,2338.32,2339.31,642.0
2026-01-06T07:15:00Z,BTCUSDT,41168.13,41180.05,41091.18,41126.9,268.71
2026-01-06T07:15:00Z,ETHUSDT,2339.31,2345.21,2336.56,2341.04,200.1
2026-01-06T07:30:00Z,BTCUSDT,41126.9,41325.24,41109.7,41302.78,886.21
2026-01-06T07:30:00Z,ETHUSDT,2341.04,2359.73,2338.12,2355.65,250.75
2026-01-06T07:45:00Z,BTCUSDT,41302.78,41544.88,41189.2,41482.31,263.36
2026-01-06T07:45:00Z,ETHUSDT,2355.65,2367.3,2352.74,2364.71,595.04
2026-01-06T08:00:00Z,BTCUSDT,41482.31,41535.49,41447.23,41503.36,273.89
2026-01-06T08:00:00Z,ETHUSDT,2364.71,2369.93,2363.22,2366.57,628.63
2026-01-06T08:15:00Z,BTCUSDT,41503.36,41701.49,41453.5,41679.39,492.08
2026-01-06T08:15:00Z,ETHUSDT,2366.57,2393.12,2363.16,2383.25,688.06
2026-01-06T08:30:00Z,BTCUSDT,41679.39,41731.79,41604.08,41707.43,239.1
2026-01-06T08:30:00Z,ETHUSDT,2383.25,2391.73,2379.58,2388.92,387.09
2026-01-06T08:45:00Z,BTCUSDT,41707.43,41788.4,41682.82,41773.08,676.78
2026-01-06T08:45:00Z,ETHUSDT,2388.92,2392.49,2387.9,2391.85,138.03
2026-01-06T09:00:00Z,BTCUSDT,41773.08,41817.76,41726.37,41746.74,213.46
2026-01-06T09:00:00Z,ETHUSDT,2391.85,2395.56,2389.03,2390.28,644.26
2026-01-06T09:15:00Z,BTCUSDT,41746.74,41906.18,41729.45,41825.68,351.27
2026-01-06T09:15:00Z,ETHUSDT,2390.28,2393.83,2389.28,2392.18,131.5
2026-01-06T09:30:00Z,BTCUSDT,41825.68,41866.32,41662.7,41746.39,548.16
2026-01-06T09:30:00Z,ETHUSDT,2392.18,2398.2,2380.06,2384.73,773.01
2026-01-06T09:45:00Z,BTCUSDT,41746.39,41850.74,41721.61,41811.7,157.98
2026-01-06T09:45:00Z,ETHUSDT,2384.73,2392.69,2380.95,2388.7,679.6
2026-01-06T10:00:00Z,BTCUSDT,41811.7,41906.3,41610.45,41647.51,508.04
2026-01-06T10:00:00Z,ETHUSDT,2388.7,2391.64,2365.77,2369.53,515.97
2026-01-06T10:15:00Z,BTCUSDT,41647.51,41665.28,41399.77,41467.65,714.32
2026-01-06T10:15:00Z,ETHUSDT,2369.53,2372.66,2345.38,2352.91,721.0
2026-01-06T10:30:00Z,BTCUSDT,41467.65,41609.98,41141.43,41293.76,688.67
2026-01-06T10:30:00Z,ETHUSDT,2352.91,2358.04,2340.0,2342.09,527.55
2026-01-06T10:45:00Z,BTCUSDT,41293.76,41388.94,41212.19,41362.04,551.94
2026-01-06T10:45:00Z,ETHUSDT,2342.09,2354.62,2336.66,2349.52,336.52
2026-01-06T11:00:00Z,BTCUSDT,41362.04,41652.2,40894.84,41093.37,638.11
2026-01-06T11:00:00Z,ETHUSDT,2349.52,2362.54,2315.57,2329.46,1056.7
2026-01-06T11:15:00Z,BTCUSDT,41093.37,41345.15,41057.47,41281.69,455.47
2026-01-06T11:15:00Z,ETHUSDT,2329.46,2351.17,2321.98,2344.92,354.48
2026-01-06T11:30:00Z,BTCUSDT,41281.69,41374.52,41267.83,41332.61,628.88
2026-01-06T11:30:00Z,ETHUSDT,2344.92,2356.68,2342.8,2353.59,773.19
2026-01-06T11:45:00Z,BTCUSDT,41332.61,41577.13,41240.34,41528.21,697.48
2026-01-06T11:45:00Z,ETHUSDT,2353.59,2380.25,2350.23,2368.29,769.24
2026-01-06T12:00:00Z,BTCUSDT,41528.21,41534.49,41487.75,41495.09,304.82
2026-01-06T12:00:00Z,ETHUSDT,2368.29,2370.05,2359.49,2362.0,678.67
2026-01-06T12:15:00Z,BTCUSDT,41495.09,41561.83,41239.54,41346.58,770.36
2026-01-06T12:15:00Z,ETHUSDT,2362.0,2372.49,2341.64,2344.07,903.3
2026-01-06T12:30:00Z,BTCUSDT,41346.58,41395.89,41320.61,41363.62,276.39
2026-01-06T12:30:00Z,ETHUSDT,2344.07,2346.88,2342.19,2343.7,400.88
2026-01-06T12:45:00Z,BTCUSDT,41363.62,41545.01,41317.22,41494.66,502.31
2026-01-06T12:45:00Z,ETHUSDT,2343.7,2350.73,2340.46,2349.62,446.93
2026-01-06T13:00:00Z,BTCUSDT,41494.66,41642.91,41090.04,41167.45,274.72
2026-01-06T13:00:00Z,ETHUSDT,2349.62,2383.27,2305.27,2321.43,1199.79
2026-01-06T13:15:00Z,BTCUSDT,41167.45,41259.32,41136.34,41219.16,389.75
2026-01-06T13:15:00Z,ETHUSDT,2321.43,2334.71,2318.25,2330.25,469.47
2026-01-06T13:30:00Z,BTCUSDT,41219.16,41269.45,41205.92,41259.71,665.6
2026-01-06T13:30:00Z,ETHUSDT,2330.25,2342.09,2327.28,2337.07,292.8
2026-01-06T13:45:00Z,BTCUSDT,41259.71,41659.45,40717.09,40933.93,647.33
2026-01-06T13:45:00Z,ETHUSDT,2337.07,2356.58,2311.3,2319.21,231.01
2026-01-06T14:00:00Z,BTCUSDT,40933.93,40978.02,40666.38,40761.58,598.21
2026-01-06T14:00:00Z,ETHUSDT,2319.21,2326.14,2298.68,2306.81,832.16
2026-01-06T14:15:00Z,BTCUSDT,40761.58,40844.9,40646.48,40673.77,164.58
2026-01-06T14:15:00Z,ETHUSDT,2306.81,2308.09,2299.46,2301.14,307.41
2026-01-06T14:30:00Z,BTCUSDT,40673.77,40757.37,40370.44,40532.62,214.57
2026-01-06T14:30:00Z,ETHUSDT,2301.14,2304.31,2287.4,2292.93,258.69
2026-01-06T14:45:00Z,BTCUSDT,40532.62,40557.39,40422.65,40472.82,422.09
2026-01-06T14:45:00Z,ETHUSDT,2292.93,2295.4,2277.55,2284.24,743.28
2026-01-06T15:00:00Z,BTCUSDT,40472.82,40549.4,40392.26,40496.7,154.98
2026-01-06T15:00:00Z,ETHUSDT,2284.24,2299.29,2279.45,2292.69,257.82
2026-01-06T15:15:00Z,BTCUSDT,40496.7,40529.76,40479.1,40509.92,493.95
2026-01-06T15:15:00Z,ETHUSDT,2292.69,2301.01,2290.5,2299.7,704.36
2026-01-06T15:30:00Z,BTCUSDT,40509.92,40553.93,40282.01,40349.17,496.07
2026-01-06T15:30:00Z,ETHUSDT,2299.7,2304.85,2283.08,2287.76,309.29
2026-01-06T15:45:00Z,BTCUSDT,40349.17,40455.29,40303.0,40407.65,387.36
2026-01-06T15:45:00Z,ETHUSDT,2287.76,2306.88,2280.58,2297.18,320.7
2026-01-06T16:00:00Z,BTCUSDT,40407.65,40440.21,40288.84,40347.43,425.97
2026-01-06T16:00:00Z,ETHUSDT,2297.18,2305.14,2282.83,2288.95,482.19
2026-01-06T16:15:00Z,BTCUSDT,40347.43,40385.19,39917.47,40044.38,728.67
2026-01-06T16:15:00Z,ETHUSDT,2288.95,2295.66,2256.12,2266.92,553.5
2026-01-06T16:30:00Z,BTCUSDT,40044.38,40162.02,39845.57,39947.64,729.29
2026-01-06T16:30:00Z,ETHUSDT,2266.92,2269.53,2260.86,2263.38,455.82
2026-01-06T16:45:00Z,BTCUSDT,39947.64,40092.78,39889.27,40072.58,466.5
2026-01-06T16:45:00Z,ETHUSDT,2263.38,2278.59,2259.45,2274.43,569.08
2026-01-06T17:00:00Z,BTCUSDT,40072.58,40132.08,40033.02,40101.15,467.67
2026-01-06T17:00:00Z,ETHUSDT,2274.43,2280.86,2271.5,2277.51,341.99
2026-01-06T17:15:00Z,BTCUSDT,40101.15,40140.71,39960.16,40005.6,510.08
2026-01-06T17:15:00Z,ETHUSDT,2277.51,2282.14,2265.25,2269.37,579.72
2026-01-06T17:30:00Z,BTCUSDT,40005.6,40034.63,39990.07,40021.2,596.14
2026-01-06T17:30:00Z,ETHUSDT,2269.37,2271.4,2267.73,2270.66,427.61
2026-01-06T17:45:00Z,BTCUSDT,40021.2,40211.63,39972.91,40154.85,277.66
2026-01-06T17:45:00Z,ETHUSDT,2270.66,2272.5,2268.69,2271.12,320.87
2026-01-06T18:00:00Z,BTCUSDT,40154.85,40376.73,40057.29,40318.61,276.16
2026-01-06T18:00:00Z,ETHUSDT,2271.12,2287.49,2263.84,2282.69,605.5
2026-01-06T18:15:00Z,BTCUSDT,40318.61,40440.31,40098.8,40144.2,757.13
2026-01-06T18:15:00Z,ETHUSDT,2282.69,2297.84,2257.68,2268.37,444.91
2026-01-06T18:30:00Z,BTCUSDT,40144.2,40201.04,39835.15,39950.09,251.0
2026-01-06T18:30:00Z,ETHUSDT,2268.37,2270.21,2250.2,2253.84,609.9
2026-01-06T18:45:00Z,BTCUSDT,39950.09,39986.38,39849.65,39919.97,457.11
2026-01-06T18:45:00Z,ETHUSDT,2253.84,2261.69,2253.27,2259.66,670.86
2026-01-06T19:00:00Z,BTCUSDT,39919.97,39980.55,39709.69,39749.8,440.61
2026-01-06T19:00:00Z,ETHUSDT,2259.66,2261.94,2242.93,2247.23,614.82
2026-01-06T19:15:00Z,BTCUSDT,39749.8,39931.46,39293.23,39506.21,545.61
2026-01-06T19:15:00Z,ETHUSDT,2247.23,2254.89,2230.76,2234.34,378.82
2026-01-06T19:30:00Z,BTCUSDT,39506.21,39729.48,38685.86,39065.89,721.93
2026-01-06T19:30:00Z,ETHUSDT,2234.34,2277.12,2175.42,2198.32,1380.86
2026-01-06T19:45:00Z,BTCUSDT,39065.89,39152.11,38844.73,38885.47,239.29
2026-01-06T19:45:00Z,ETHUSDT,2198.32,2207.97,2181.12,2186.66,265.99
2026-01-06T20:00:00Z,BTCUSDT,38885.47,38913.12,38617.36,38718.64,177.9
2026-01-06T20:00:00Z,ETHUSDT,2186.66,2191.12,2172.44,2175.22,499.59
2026-01-06T20:15:00Z,BTCUSDT,38718.64,38846.41,38347.02,38498.25,672.72
2026-01-06T20:15:00Z,ETHUSDT,2175.22,2184.25,2136.22,2156.43,684.38
2026-01-06T20:30:00Z,BTCUSDT,38498.25,38535.02,38440.15,38454.27,215.51
2026-01-06T20:30:00Z,ETHUSDT,2156.43,2157.88,2149.72,2150.84,774.34
2026-01-06T20:45:00Z,BTCUSDT,38454.27,38510.33,38447.27,38489.06,192.28
2026-01-06T20:45:00Z,ETHUSDT,2150.84,2159.43,2148.49,2155.41,541.14
2026-01-06T21:00:00Z,BTCUSDT,38489.06,38528.21,38343.58,38369.5,184.85
2026-01-06T21:00:00Z,ETHUSDT,2155.41,2157.68,2140.3,2146.82,614.37
2026-01-06T21:15:00Z,BTCUSDT,38369.5,38573.04,38286.28,38519.49,403.99
2026-01-06T21:15:00Z,ETHUSDT,2146.82,2165.69,2141.3,2160.74,861.23
2026-01-06T21:30:00Z,BTCUSDT,38519.49,38562.26,38303.98,38397.83,381.7
2026-01-06T21:30:00Z,ETHUSDT,2160.74,2164.86,2149.18,2152.01,781.51
2026-01-06T21:45:00Z,BTCUSDT,38397.83,38450.55,38273.28,38317.5,237.41
2026-01-06T21:45:00Z,ETHUSDT,2152.01,2154.16,2148.37,2149.99,166.7
2026-01-06T22:00:00Z,BTCUSDT,38317.5,38384.33,38295.11,38310.41,211.96
2026-01-06T22:00:00Z,ETHUSDT,2149.99,2153.52,2145.36,2147.21,219.55
2026-01-06T22:15:00Z,BTCUSDT,38310.41,38376.0,38222.87,38251.26,447.87
2026-01-06T22:15:00Z,ETHUSDT,2147.21,2148.41,2141.54,2142.46,560.46
2026-01-06T22:30:00Z,BTCUSDT,38251.26,38615.99,38123.54,38428.62,624.37
2026-01-06T22:30:00Z,ETHUSDT,2142.46,2168.32,2126.79,2157.74,899.25
2026-01-06T22:45:00Z,BTCUSDT,38428.62,38496.29,38078.86,38191.52,569.22
2026-01-06T22:45:00Z,ETHUSDT,2157.74,2160.26,2133.15,2141.6,233.36
2026-01-06T23:00:00Z,BTCUSDT,38191.52,38269.9,37886.79,37989.06,227.11
2026-01-06T23:00:00Z,ETHUSDT,2141.6,2149.05,2121.83,2124.17,749.32
2026-01-06T23:15:00Z,BTCUSDT,37989.06,38026.18,37712.08,37813.45,756.61
2026-01-06T23:15:00Z,ETHUSDT,2124.17,2130.93,2106.37,2116.13,404.51
2026-01-06T23:30:00Z,BTCUSDT,37813.45,37847.2,37592.54,37689.66,463.53
2026-01-06T23:30:00Z,ETHUSDT,2116.13,2117.53,2105.74,2110.97,642.06
2026-01-06T23:45:00Z,BTCUSDT,37689.66,37876.37,37628.67,37831.81,346.24
2026-01-06T23:45:00Z,ETHUSDT,2110.97,2126.49,2108.3,2120.18,635.65
2026-01-07T00:00:00Z,BTCUSDT,37831.81,37868.02,37787.76,37835.91,469.24
2026-01-07T00:00:00Z,ETHUSDT,2120.18,2128.91,2109.88,2112.1,761.03
2026-01-07T00:15:00Z,BTCUSDT,37835.91,37887.82,37659.88,37701.25,257.79
2026-01-07T00:15:00Z,ETHUSDT,2112.1,2113.37,2101.62,2104.31,453.27
2026-01-07T00:30:00Z,BTCUSDT,37701.25,37714.51,37621.34,37638.14,625.59
2026-01-07T00:30:00Z,ETHUSDT,2104.31,2105.67,2097.37,2099.82,495.77
2026-01-07T00:45:00Z,BTCUSDT,37638.14,37687.49,37566.72,37604.75,241.95
2026-01-07T00:45:00Z,ETHUSDT,2099.82,2101.69,2094.81,2096.13,507.21
2026-01-07T01:00:00Z,BTCUSDT,37604.75,37641.34,37521.27,37559.36,414.4
2026-01-07T01:00:00Z,ETHUSDT,2096.13,2102.03,2081.89,2085.38,552.98
2026-01-07T01:15:00Z,BTCUSDT,37559.36,37601.93,37540.47,37587.16,541.17
2026-01-07T01:15:00Z,ETHUSDT,2085.38,2086.07,2083.87,2084.45,608.56
2026-01-07T01:30:00Z,BTCUSDT,37587.16,37657.79,37550.43,37634.42,521.45
2026-01-07T01:30:00Z,ETHUSDT,2084.45,2089.65,2081.29,2088.27,713.91
2026-01-07T01:45:00Z,BTCUSDT,37634.42,37710.56,37584.43,37678.57,427.55
2026-01-07T01:45:00Z,ETHUSDT,2088.27,2095.52,2087.24,2093.11,663.33
2026-01-07T02:00:00Z,BTCUSDT,37678.57,37697.41,37668.16,37690.91,226.14
2026-01-07T02:00:00Z,ETHUSDT,2093.11,2094.31,2089.67,2093.11,194.56
2026-01-07T02:15:00Z,BTCUSDT,37690.91,37705.02,37655.31,37661.89,533.3
2026-01-07T02:15:00Z,ETHUSDT,2093.11,2094.67,2081.8,2083.37,424.34
2026-01-07T02:30:00Z,BTCUSDT,37661.89,37671.89,37633.22,37642.61,413.59
2026-01-07T02:30:00Z,ETHUSDT,2083.37,2084.01,2080.11,2081.36,683.95
2026-01-07T02:45:00Z,BTCUSDT,37642.61,37698.18,37599.51,37620.82,455.32
2026-01-07T02:45:00Z,ETHUSDT,2081.36,2082.7,2076.2,2079.92,358.1
2026-01-07T03:00:00Z,BTCUSDT,37620.82,37663.42,37576.03,37623.95,222.51
2026-01-07T03:00:00Z,ETHUSDT,2079.92,2081.03,2079.03,2079.52,144.68
2026-01-07T03:15:00Z,BTCUSDT,37623.95,37690.18,37562.05,37610.95,196.71
2026-01-07T03:15:00Z,ETHUSDT,2079.52,2081.93,2074.09,2075.48,360.44
2026-01-07T03:30:00Z,BTCUSDT,37610.95,37728.15,37573.5,37716.75,225.15
2026-01-07T03:30:00Z,ETHUSDT,2075.48,2088.87,2071.11,2082.19,451.64
2026-01-07T03:45:00Z,BTCUSDT,37716.75,37787.36,37709.78,37775.0,363.78
2026-01-07T03:45:00Z,ETHUSDT,2082.19,2090.64,2081.06,2087.35,714.47
2026-01-07T04:00:00Z,BTCUSDT,37775.0,37934.74,37747.23,37887.51,380.92
2026-01-07T04:00:00Z,ETHUSDT,2087.35,2099.74,2086.07,2095.04,494.49
2026-01-07T04:15:00Z,BTCUSDT,37887.51,37910.27,37846.16,37894.17,319.06
2026-01-07T04:15:00Z,ETHUSDT,2095.04,2098.94,2091.3,2094.68,528.14
2026-01-07T04:30:00Z,BTCUSDT,37894.17,37945.94,37707.9,37757.85,337.87
2026-01-07T04:30:00Z,ETHUSDT,2094.68,2097.26,2080.33,2087.64,791.97
2026-01-07T04:45:00Z,BTCUSDT,37757.85,37780.24,37748.87,37754.5,551.29
2026-01-07T04:45:00Z,ETHUSDT,2087.64,2088.59,2082.35,2084.38,255.18
2026-01-07T05:00:00Z,BTCUSDT,37754.5,37786.15,37741.4,37760.25,169.01
2026-01-07T05:00:00Z,ETHUSDT,2084.38,2088.81,2083.68,2087.14,216.62
2026-01-07T05:15:00Z,BTCUSDT,37760.25,37788.12,37635.74,37651.21,397.28
2026-01-07T05:15:00Z,ETHUSDT,2087.14,2089.55,2074.52,2078.77,775.51
2026-01-07T05:30:00Z,BTCUSDT,37651.21,37735.13,37586.82,37712.62,692.13
2026-01-07T05:30:00Z,ETHUSDT,2078.77,2080.86,2078.14,2080.36,325.81
2026-01-07T05:45:00Z,BTCUSDT,37712.62,37776.53,37631.84,37677.03,485.71
2026-01-07T05:45:00Z,ETHUSDT,2080.36,2082.57,2078.32,2078.84,362.22
2026-01-07T06:00:00Z,BTCUSDT,37677.03,37712.77,37590.6,37611.2,548.65
2026-01-07T06:00:00Z,ETHUSDT,2078.84,2079.49,2076.0,2076.27,262.14
2026-01-07T06:15:00Z,BTCUSDT,37611.2,37655.0,37534.76,37603.07,290.3
2026-01-07T06:15:00Z,ETHUSDT,2076.27,2077.08,2074.61,2075.95,545.35
2026-01-07T06:30:00Z,BTCUSDT,37603.07,37623.48,37573.08,37584.71,383.7
2026-01-07T06:30:00Z,ETHUSDT,2075.95,2077.39,2071.99,2073.85,235.18
2026-01-07T06:45:00Z,BTCUSDT,37584.71,37845.29,37418.24,37717.14,380.51
2026-01-07T06:45:00Z,ETHUSDT,2073.85,2093.15,2061.0,2086.81,328.49
2026-01-07T07:00:00Z,BTCUSDT,37717.14,37926.24,37654.11,37843.45,735.13
2026-01-07T07:00:00Z,ETHUSDT,2086.81,2092.77,2083.32,2089.06,214.22
2026-01-07T07:15:00Z,BTCUSDT,37843.45,37882.63,37748.56,37789.54,649.51
2026-01-07T07:15:00Z,ETHUSDT,2089.06,2090.28,2087.21,2088.18,438.26
2026-01-07T07:30:00Z,BTCUSDT,37789.54,37824.38,37662.81,37712.16,558.63
2026-01-07T07:30:00Z,ETHUSDT,2088.18,2093.88,2077.62,2079.52,202.8
2026-01-07T07:45:00Z,BTCUSDT,37712.16,37763.63,37579.99,37636.77,256.98
2026-01-07T07:45:00Z,ETHUSDT,2079.52,2080.51,2069.35,2071.53,361.14
2026-01-07T08:00:00Z,BTCUSDT,37636.77,37647.33,37581.85,37614.72,488.74
2026-01-07T08:00:00Z,ETHUSDT,2071.53,2072.21,2065.03,2066.49,162.03
2026-01-07T08:15:00Z,BTCUSDT,37614.72,37683.53,37607.11,37655.03,591.91
2026-01-07T08:15:00Z,ETHUSDT,2066.49,2078.98,2062.37,2074.04,179.8
2026-01-07T08:30:00Z,BTCUSDT,37655.03,37677.87,37535.55,37568.66,713.95
2026-01-07T08:30:00Z,ETHUSDT,2074.04,2077.61,2063.76,2066.96,624.13
2026-01-07T08:45:00Z,BTCUSDT,37568.66,37605.37,37541.07,37584.78,223.25
2026-01-07T08:45:00Z,ETHUSDT,2066.96,2071.31,2064.02,2069.36,165.67
2026-01-07T09:00:00Z,BTCUSDT,37584.78,37779.88,37496.01,37712.54,495.53
2026-01-07T09:00:00Z,ETHUSDT,2069.36,2087.81,2066.5,2077.8,782.32
2026-01-07T09:15:00Z,BTCUSDT,37712.54,37734.63,37551.19,37604.18,188.46
2026-01-07T09:15:00Z,ETHUSDT,2077.8,2081.32,2071.25,2074.95,434.68
2026-01-07T09:30:00Z,BTCUSDT,37604.18,37736.33,37537.26,37665.4,471.8
2026-01-07T09:30:00Z,ETHUSDT,2074.95,2078.03,2073.61,2077.51,193.75
2026-01-07T09:45:00Z,BTCUSDT,37665.4,37740.62,37442.29,37544.57,208.9
2026-01-07T09:45:00Z,ETHUSDT,2077.51,2079.8,2061.06,2064.65,964.14
2026-01-07T10:00:00Z,BTCUSDT,37544.57,37600.05,37483.38,37518.1,419.35
2026-01-07T10:00:00Z,ETHUSDT,2064.65,2067.93,2054.09,2058.67,362.97
2026-01-07T10:15:00Z,BTCUSDT,37518.1,37543.45,37477.05,37497.34,643.67
2026-01-07T10:15:00Z,ETHUSDT,2058.67,2060.8,2052.39,2055.17,706.12
2026-01-07T10:30:00Z,BTCUSDT,37497.34,37519.95,37400.68,37415.38,472.82
2026-01-07T10:30:00Z,ETHUSDT,2055.17,2058.66,2047.19,2050.64,146.21
2026-01-07T10:45:00Z,BTCUSDT,37415.38,37453.91,37399.06,37426.01,338.53
2026-01-07T10:45:00Z,ETHUSDT,2050.64,2051.58,2049.9,2051.08,345.04
2026-01-07T11:00:00Z,BTCUSDT,37426.01,37452.9,37382.3,37400.44,304.93
2026-01-07T11:00:00Z,ETHUSDT,2051.08,2055.27,2050.27,2053.08,693.19
2026-01-07T11:15:00Z,BTCUSDT,37400.44,37426.56,37371.42,37391.8,311.82
2026-01-07T11:15:00Z,ETHUSDT,2053.08,2054.43,2049.42,2050.64,141.21
2026-01-07T11:30:00Z,BTCUSDT,37391.8,37410.49,37338.47,37361.19,231.72
2026-01-07T11:30:00Z,ETHUSDT,2050.64,2053.67,2049.8,2051.95,182.54
2026-01-07T11:45:00Z,BTCUSDT,37361.19,37488.14,37086.71,37221.53,239.79
2026-01-07T11:45:00Z,ETHUSDT,2051.95,2053.88,2042.25,2046.59,318.8
2026-01-07T12:00:00Z,BTCUSDT,37221.53,37332.03,37168.25,37318.46,240.9
2026-01-07T12:00:00Z,ETHUSDT,2046.59,2053.69,2045.21,2050.56,233.3
2026-01-07T12:15:00Z,BTCUSDT,37318.46,37331.96,37277.44,37297.67,338.23
2026-01-07T12:15:00Z,ETHUSDT,2050.56,2056.71,2038.93,2044.64,759.12
2026-01-07T12:30:00Z,BTCUSDT,37297.67,37319.43,37230.22,37271.45,604.63
2026-01-07T12:30:00Z,ETHUSDT,2044.64,2046.35,2039.87,2042.94,407.99
2026-01-07T12:45:00Z,BTCUSDT,37271.45,37318.27,37220.14,37254.57,437.05
2026-01-07T12:45:00Z,ETHUSDT,2042.94,2046.23,2041.6,2044.87,484.03
2026-01-07T13:00:00Z,BTCUSDT,37254.57,37267.35,37161.02,37173.13,194.44
2026-01-07T13:00:00Z,ETHUSDT,2044.87,2051.2,2035.02,2037.88,479.8
2026-01-07T13:15:00Z,BTCUSDT,37173.13,37205.03,37111.14,37144.69,172.06
2026-01-07T13:15:00Z,ETHUSDT,2037.88,2043.35,2035.33,2041.73,445.9
2026-01-07T13:30:00Z,BTCUSDT,37144.69,37163.03,37084.31,37120.89,568.53
2026-01-07T13:30:00Z,ETHUSDT,2041.73,2043.1,2040.73,2041.42,472.72
2026-01-07T13:45:00Z,BTCUSDT,37120.89,37201.53,37089.54,37169.44,356.23
2026-01-07T13:45:00Z,ETHUSDT,2041.42,2042.3,2040.91,2041.81,195.0
2026-01-07T14:00:00Z,BTCUSDT,37169.44,37238.31,37147.93,37224.06,650.88
2026-01-07T14:00:00Z,ETHUSDT,2041.81,2044.13,2039.59,2041.98,465.48
2026-01-07T14:15:00Z,BTCUSDT,37224.06,37290.8,37188.55,37244.74,605.0
2026-01-07T14:15:00Z,ETHUSDT,2041.98,2043.72,2041.31,2043.06,625.58
2026-01-07T14:30:00Z,BTCUSDT,37244.74,37298.38,37235.94,37275.06,267.68
2026-01-07T14:30:00Z,ETHUSDT,2043.06,2046.31,2041.46,2045.04,236.68
2026-01-07T14:45:00Z,BTCUSDT,37275.06,37306.84,37209.73,37259.95,589.39
2026-01-07T14:45:00Z,ETHUSDT,2045.04,2046.62,2039.77,2041.34,385.99
2026-01-07T15:00:00Z,BTCUSDT,37259.95,37267.53,37233.82,37240.41,476.8
2026-01-07T15:00:00Z,ETHUSDT,2041.34,2043.23,2038.16,2039.36,545.87
2026-01-07T15:15:00Z,BTCUSDT,37240.41,37266.63,37186.26,37234.17,233.96
2026-01-07T15:15:00Z,ETHUSDT,2039.36,2041.71,2038.17,2040.81,257.07
2026-01-07T15:30:00Z,BTCUSDT,37234.17,37369.29,37176.21,37311.7,252.85
2026-01-07T15:30:00Z,ETHUSDT,2040.81,2047.92,2037.62,2046.24,185.14
2026-01-07T15:45:00Z,BTCUSDT,37311.7,37418.69,37156.89,37207.87,348.86
2026-01-07T15:45:00Z,ETHUSDT,2046.24,2048.34,2039.19,2042.11,331.71
2026-01-07T16:00:00Z,BTCUSDT,37207.87,37248.39,37200.06,37227.08,390.47
2026-01-07T16:00:00Z,ETHUSDT,2042.11,2048.1,2040.23,2045.5,400.44
2026-01-07T16:15:00Z,BTCUSDT,37227.08,37289.0,37196.57,37260.45,464.52
2026-01-07T16:15:00Z,ETHUSDT,2045.5,2050.67,2040.59,2049.15,654.0
2026-01-07T16:30:00Z,BTCUSDT,37260.45,37378.64,37175.57,37345.64,293.26
2026-01-07T16:30:00Z,ETHUSDT,2049.15,2065.6,2043.76,2059.12,492.88
2026-01-07T16:45:00Z,BTCUSDT,37345.64,37389.78,37332.32,37371.0,319.33
2026-01-07T16:45:00Z,ETHUSDT,2059.12,2064.0,2057.78,2060.98,141.17
2026-01-07T17:00:00Z,BTCUSDT,37371.0,37441.73,37302.24,37389.57,245.26
2026-01-07T17:00:00Z,ETHUSDT,2060.98,2062.16,2059.04,2061.24,406.39
2026-01-07T17:15:00Z,BTCUSDT,37389.57,37448.48,37346.42,37383.84,434.97
2026-01-07T17:15:00Z,ETHUSDT,2061.24,2062.46,2060.14,2061.22,223.74
2026-01-07T17:30:00Z,BTCUSDT,37383.84,37436.74,37316.0,37369.29,156.62
2026-01-07T17:30:00Z,ETHUSDT,2061.22,2062.4,2060.5,2061.36,481.91
2026-01-07T17:45:00Z,BTCUSDT,37369.29,37578.6,37343.85,37511.03,177.65
2026-01-07T17:45:00Z,ETHUSDT,2061.36,2067.09,2058.79,2065.53,566.48
2026-01-07T18:00:00Z,BTCUSDT,37511.03,37609.86,37357.18,37421.28,463.39
2026-01-07T18:00:00Z,ETHUSDT,2065.53,2066.37,2061.18,2063.46,664.08
2026-01-07T18:15:00Z,BTCUSDT,37421.28,37540.03,37373.43,37481.62,625.86
2026-01-07T18:15:00Z,ETHUSDT,2063.46,2071.49,2060.7,2068.85,217.68
2026-01-07T18:30:00Z,BTCUSDT,37481.62,37542.42,37472.77,37526.03,299.62
2026-01-07T18:30:00Z,ETHUSDT,2068.85,2073.03,2067.39,2071.77,190.71
2026-01-07T18:45:00Z,BTCUSDT,37526.03,37556.21,37478.8,37538.56,210.33
2026-01-07T18:45:00Z,ETHUSDT,2071.77,2079.47,2069.57,2075.89,153.83
2026-01-07T19:00:00Z,BTCUSDT,37538.56,37623.47,37499.02,37579.99,628.74
2026-01-07T19:00:00Z,ETHUSDT,2075.89,2083.3,2071.99,2080.1,591.76
2026-01-07T19:15:00Z,BTCUSDT,37579.99,37614.39,37514.25,37541.66,624.04
2026-01-07T19:15:00Z,ETHUSDT,2080.1,2083.8,2072.98,2076.53,408.73
2026-01-07T19:30:00Z,BTCUSDT,37541.66,37615.41,37490.65,37571.11,142.5
2026-01-07T19:30:00Z,ETHUSDT,2076.53,2077.17,2074.28,2076.03,176.99
2026-01-07T19:45:00Z,BTCUSDT,37571.11,37629.42,37521.01,37549.3,175.75
2026-01-07T19:45:00Z,ETHUSDT,2076.03,2077.94,2074.4,2075.83,180.65
2026-01-07T20:00:00Z,BTCUSDT,37549.3,37595.25,37497.93,37574.08,658.66
2026-01-07T20:00:00Z,ETHUSDT,2075.83,2085.23,2071.6,2081.27,436.25
2026-01-07T20:15:00Z,BTCUSDT,37574.08,37708.74,37543.16,37655.6,154.52
2026-01-07T20:15:00Z,ETHUSDT,2081.27,2096.77,2076.79,2089.75,225.64
2026-01-07T20:30:00Z,BTCUSDT,37655.6,37714.59,37526.69,37582.97,688.84
2026-01-07T20:30:00Z,ETHUSDT,2089.75,2091.73,2082.89,2084.58,734.24
2026-01-07T20:45:00Z,BTCUSDT,37582.97,37647.55,37496.8,37540.55,420.51
2026-01-07T20:45:00Z,ETHUSDT,2084.58,2085.24,2084.01,2084.98,337.32
2026-01-07T21:00:00Z,BTCUSDT,37540.55,37603.11,37410.74,37470.8,623.21
2026-01-07T21:00:00Z,ETHUSDT,2084.98,2086.19,2078.55,2081.6,600.95
2026-01-07T21:15:00Z,BTCUSDT,37470.8,37593.2,37411.04,37555.79,677.04
2026-01-07T21:15:00Z,ETHUSDT,2081.6,2087.39,2079.51,2085.12,162.83
2026-01-07T21:30:00Z,BTCUSDT,37555.79,37603.04,37395.76,37467.97,277.41
2026-01-07T21:30:00Z,ETHUSDT,2085.12,2093.31,2068.72,2077.97,814.32
2026-01-07T21:45:00Z,BTCUSDT,37467.97,37485.02,37404.61,37450.4,320.88
2026-01-07T21:45:00Z,ETHUSDT,2077.97,2078.53,2075.33,2075.91,317.04
2026-01-07T22:00:00Z,BTCUSDT,37450.4,37468.23,37382.01,37407.48,586.0
2026-01-07T22:00:00Z,ETHUSDT,2075.91,2077.14,2071.34,2071.88,705.13
2026-01-07T22:15:00Z,BTCUSDT,37407.48,37433.66,37313.16,37376.74,156.75
2026-01-07T22:15:00Z,ETHUSDT,2071.88,2075.46,2068.69,2074.64,202.0
2026-01-07T22:30:00Z,BTCUSDT,37376.74,37434.94,37353.21,37416.51,631.79
2026-01-07T22:30:00Z,ETHUSDT,2074.64,2075.75,2074.26,2075.47,255.62
2026-01-07T22:45:00Z,BTCUSDT,37416.51,37503.4,37246.58,37334.07,371.86
2026-01-07T22:45:00Z,ETHUSDT,2075.47,2076.99,2067.65,2070.13,266.23
2026-01-07T23:00:00Z,BTCUSDT,37334.07,37386.67,37153.13,37240.33,638.29
2026-01-07T23:00:00Z,ETHUSDT,2070.13,2073.73,2062.81,2065.69,420.9
2026-01-07T23:15:00Z,BTCUSDT,37240.33,37279.1,37134.62,37172.72,521.95
2026-01-07T23:15:00Z,ETHUSDT,2065.69,2068.42,2056.77,2061.11,291.17
2026-01-07T23:30:00Z,BTCUSDT,37172.72,37215.12,37110.21,37183.52,192.6
2026-01-07T23:30:00Z,ETHUSDT,2061.11,2064.61,2059.77,2061.69,530.11
2026-01-07T23:45:00Z,BTCUSDT,37183.52,37232.24,37117.14,37148.37,151.34
2026-01-07T23:45:00Z,ETHUSDT,2061.69,2062.73,2058.89,2061.18,465.58
2026-01-08T00:00:00Z,BTCUSDT,37148.37,37289.94,37120.66,37231.38,514.18
2026-01-08T00:00:00Z,ETHUSDT,2061.18,2069.97,2056.92,2066.13,259.32
2026-01-08T00:15:00Z,BTCUSDT,37231.38,37368.49,37203.4,37314.55,591.18
2026-01-08T00:15:00Z,ETHUSDT,2066.13,2074.56,2062.73,2071.92,687.54
2026-01-08T00:30:00Z,BTCUSDT,37314.55,37338.64,37191.63,37202.13,593.82
2026-01-08T00:30:00Z,ETHUSDT,2071.92,2072.68,2066.56,2067.83,485.22
2026-01-08T00:45:00Z,BTCUSDT,37202.13,37247.09,37186.84,37223.89,510.85
2026-01-08T00:45:00Z,ETHUSDT,2067.83,2070.53,2065.61,2069.75,631.95
2026-01-08T01:00:00Z,BTCUSDT,37223.89,37378.04,37195.08,37317.24,457.48
2026-01-08T01:00:00Z,ETHUSDT,2069.75,2083.32,2064.59,2081.26,276.01
2026-01-08T01:15:00Z,BTCUSDT,37317.24,37386.77,37306.49,37355.68,470.81
2026-01-08T01:15:00Z,ETHUSDT,2081.26,2088.02,2080.61,2085.89,706.64
2026-01-08T01:30:00Z,BTCUSDT,37355.68,37388.24,37271.74,37300.4,261.02
2026-01-08T01:30:00Z,ETHUSDT,2085.89,2086.59,2082.44,2083.08,572.86
2026-01-08T01:45:00Z,BTCUSDT,37300.4,37348.11,37236.75,37314.76,387.35
2026-01-08T01:45:00Z,ETHUSDT,2083.08,2086.4,2081.78,2085.0,388.54
2026-01-08T02:00:00Z,BTCUSDT,37314.76,37479.48,37243.31,37433.89,278.89
2026-01-08T02:00:00Z,ETHUSDT,2085.0,2093.7,2082.51,2091.08,343.73
2026-01-08T02:15:00Z,BTCUSDT,37433.89,37472.02,37317.78,37381.57,686.92
2026-01-08T02:15:00Z,ETHUSDT,2091.08,2093.18,2085.66,2088.32,664.28
2026-01-08T02:30:00Z,BTCUSDT,37381.57,37412.24,37352.95,37375.25,468.08
2026-01-08T02:30:00Z,ETHUSDT,2088.32,2089.43,2085.16,2087.65,232.6
2026-01-08T02:45:00Z,BTCUSDT,37375.25,37494.62,37317.42,37435.17,461.76
2026-01-08T02:45:00Z,ETHUSDT,2087.65,2089.54,2085.99,2087.13,261.49
2026-01-08T03:00:00Z,BTCUSDT,37435.17,37479.96,37315.44,37359.56,274.97
2026-01-08T03:00:00Z,ETHUSDT,2087.13,2092.8,2075.5,2078.81,472.06
2026-01-08T03:15:00Z,BTCUSDT,37359.56,37388.23,37206.11,37253.02,290.84
2026-01-08T03:15:00Z,ETHUSDT,2078.81,2083.34,2063.34,2068.96,572.47
2026-01-08T03:30:00Z,BTCUSDT,37253.02,37284.84,37170.27,37220.84,462.2
2026-01-08T03:30:00Z,ETHUSDT,2068.96,2070.87,2066.57,2067.76,330.37
2026-01-08T03:45:00Z,BTCUSDT,37220.84,37342.99,37201.61,37265.3,231.91
2026-01-08T03:45:00Z,ETHUSDT,2067.76,2068.3,2066.48,2067.26,556.75
2026-01-08T04:00:00Z,BTCUSDT,37265.3,37345.88,37011.62,37112.15,471.5
2026-01-08T04:00:00Z,ETHUSDT,2067.26,2068.89,2054.72,2059.57,506.97
2026-01-08T04:15:00Z,BTCUSDT,37112.15,37149.75,37077.15,37137.07,482.37
2026-01-08T04:15:00Z,ETHUSDT,2059.57,2060.19,2057.29,2059.27,279.42
2026-01-08T04:30:00Z,BTCUSDT,37137.07,37164.34,37079.27,37095.63,327.5
2026-01-08T04:30:00Z,ETHUSDT,2059.27,2061.0,2055.85,2056.68,193.06
2026-01-08T04:45:00Z,BTCUSDT,37095.63,37282.29,36970.17,37243.11,813.76
2026-01-08T04:45:00Z,ETHUSDT,2056.68,2080.03,2046.87,2067.62,791.33
2026-01-08T05:00:00Z,BTCUSDT,37243.11,37299.84,37177.81,37279.76,310.77
2026-01-08T05:00:00Z,ETHUSDT,2067.62,2073.93,2063.54,2071.51,148.6
2026-01-08T05:15:00Z,BTCUSDT,37279.76,37355.74,37126.19,37194.35,623.72
2026-01-08T05:15:00Z,ETHUSDT,2071.51,2071.92,2069.71,2070.25,322.43
2026-01-08T05:30:00Z,BTCUSDT,37194.35,37226.53,37162.43,37198.86,245.87
2026-01-08T05:30:00Z,ETHUSDT,2070.25,2074.63,2068.68,2072.78,313.96
2026-01-08T05:45:00Z,BTCUSDT,37198.86,37236.05,37187.11,37205.22,464.97
2026-01-08T05:45:00Z,ETHUSDT,2072.78,2073.16,2071.86,2072.12,252.06
2026-01-08T06:00:00Z,BTCUSDT,37205.22,37272.03,37191.45,37252.11,357.48
2026-01-08T06:00:00Z,ETHUSDT,2072.12,2077.75,2069.32,2075.45,644.4
2026-01-08T06:15:00Z,BTCUSDT,37252.11,37280.63,37233.46,37254.88,514.64
2026-01-08T06:15:00Z,ETHUSDT,2075.45,2077.45,2073.8,2075.98,360.95
2026-01-08T06:30:00Z,BTCUSDT,37254.88,37373.38,37204.27,37309.36,219.39
2026-01-08T06:30:00Z,ETHUSDT,2075.98,2078.06,2074.83,2076.47,403.66
2026-01-08T06:45:00Z,BTCUSDT,37309.36,37370.33,37289.66,37357.8,433.94
2026-01-08T06:45:00Z,ETHUSDT,2076.47,2079.01,2075.91,2077.89,181.33
2026-01-08T07:00:00Z,BTCUSDT,37357.8,37417.42,37287.54,37305.92,438.46
2026-01-08T07:00:00Z,ETHUSDT,2077.89,2083.38,2070.69,2072.31,562.66
2026-01-08T07:15:00Z,BTCUSDT,37305.92,37340.1,37263.51,37290.59,219.83
2026-01-08T07:15:00Z,ETHUSDT,2072.31,2073.97,2070.33,2072.54,230.74
2026-01-08T07:30:00Z,BTCUSDT,37290.59,37353.44,37256.25,37319.84,481.12
2026-01-08T07:30:00Z,ETHUSDT,2072.54,2074.85,2070.51,2073.07,486.87
2026-01-08T07:45:00Z,BTCUSDT,37319.84,37376.8,37284.99,37360.04,469.24
2026-01-08T07:45:00Z,ETHUSDT,2073.07,2077.37,2069.66,2074.59,182.62
2026-01-08T08:00:00Z,BTCUSDT,37360.04,37417.35,37326.51,37404.49,198.77
2026-01-08T08:00:00Z,ETHUSDT,2074.59,2075.27,2073.87,2074.25,551.75
2026-01-08T08:15:00Z,BTCUSDT,37404.49,37476.62,37370.89,37439.94,297.58
2026-01-08T08:15:00Z,ETHUSDT,2074.25,2074.88,2071.08,2072.2,443.62
2026-01-08T08:30:00Z,BTCUSDT,37439.94,37473.65,37358.98,37393.02,244.16
2026-01-08T08:30:00Z,ETHUSDT,2072.2,2072.98,2071.69,2072.02,566.83
2026-01-08T08:45:00Z,BTCUSDT,37393.02,37524.77,37362.89,37476.64,569.47
2026-01-08T08:45:00Z,ETHUSDT,2072.02,2087.43,2071.12,2083.7,787.81
2026-01-08T09:00:00Z,BTCUSDT,37476.64,37608.65,37424.31,37591.52,578.9
2026-01-08T09:00:00Z,ETHUSDT,2083.7,2094.33,2081.94,2091.73,498.46
2026-01-08T09:15:00Z,BTCUSDT,37591.52,37620.93,37389.87,37461.77,828.08
2026-01-08T09:15:00Z,ETHUSDT,2091.73,2093.36,2082.78,2083.87,204.74
2026-01-08T09:30:00Z,BTCUSDT,37461.77,37503.31,37312.28,37381.03,376.0
2026-01-08T09:30:00Z,ETHUSDT,2083.87,2086.55,2074.53,2077.44,759.63
2026-01-08T09:45:00Z,BTCUSDT,37381.03,37394.57,37368.23,37380.17,337.49
2026-01-08T09:45:00Z,ETHUSDT,2077.44,2077.77,2076.68,2077.27,367.51
2026-01-08T10:00:00Z,BTCUSDT,37380.17,37460.5,37257.58,37319.15,376.21
2026-01-08T10:00:00Z,ETHUSDT,2077.27,2080.14,2075.24,2076.99,251.78
2026-01-08T10:15:00Z,BTCUSDT,37319.15,37328.14,37304.28,37316.02,249.51
2026-01-08T10:15:00Z,ETHUSDT,2076.99,2077.73,2075.18,2075.98,654.24
2026-01-08T10:30:00Z,BTCUSDT,37316.02,37353.87,37219.24,37289.01,627.95
2026-01-08T10:30:00Z,ETHUSDT,2075.98,2078.16,2074.26,2077.22,527.54
2026-01-08T10:45:00Z,BTCUSDT,37289.01,37324.41,37220.97,37250.35,424.96
2026-01-08T10:45:00Z,ETHUSDT,2077.22,2080.8,2071.6,2073.99,194.31
2026-01-08T11:00:00Z,BTCUSDT,37250.35,37375.1,37231.7,37320.56,188.74
2026-01-08T11:00:00Z,ETHUSDT,2073.99,2081.78,2069.85,2077.95,650.54
2026-01-08T11:15:00Z,BTCUSDT,37320.56,37338.01,37289.62,37299.95,440.37
2026-01-08T11:15:00Z,ETHUSDT,2077.95,2079.93,2072.42,2073.79,674.49
2026-01-08T11:30:00Z,BTCUSDT,37299.95,37332.57,37259.76,37281.99,177.56
2026-01-08T11:30:00Z,ETHUSDT,2073.79,2075.47,2071.41,2073.75,300.63
2026-01-08T11:45:00Z,BTCUSDT,37281.99,37325.68,37245.47,37310.55,432.68
2026-01-08T11:45:00Z,ETHUSDT,2073.75,2078.55,2071.1,2076.17,567.44
2026-01-08T12:00:00Z,BTCUSDT,37310.55,37350.8,37275.23,37330.57,291.23
2026-01-08T12:00:00Z,ETHUSDT,2076.17,2079.03,2075.27,2078.05,420.03
2026-01-08T12:15:00Z,BTCUSDT,37330.57,37383.52,37304.64,37339.51,593.53
2026-01-08T12:15:00Z,ETHUSDT,2078.05,2081.67,2067.73,2073.14,161.5
2026-01-08T12:30:00Z,BTCUSDT,37339.51,37449.34,37276.26,37404.46,166.31
2026-01-08T12:30:00Z,ETHUSDT,2073.14,2085.13,2066.92,2079.82,282.95
2026-01-08T12:45:00Z,BTCUSDT,37404.46,37473.9,37348.88,37377.61,379.61
2026-01-08T12:45:00Z,ETHUSDT,2079.82,2080.27,2079.53,2079.97,292.82
2026-01-08T13:00:00Z,BTCUSDT,37377.61,37395.22,37338.67,37362.6,276.72
2026-01-08T13:00:00Z,ETHUSDT,2079.97,2081.8,2075.19,2077.0,547.32
2026-01-08T13:15:00Z,BTCUSDT,37362.6,37374.67,37286.95,37300.12,677.85
2026-01-08T13:15:00Z,ETHUSDT,2077.0,2078.4,2072.08,2073.07,544.7
2026-01-08T13:30:00Z,BTCUSDT,37300.12,37380.51,37272.37,37322.76,269.57
2026-01-08T13:30:00Z,ETHUSDT,2073.07,2076.08,2071.45,2075.18,481.06
2026-01-08T13:45:00Z,BTCUSDT,37322.76,37458.81,37295.18,37385.83,520.88
2026-01-08T13:45:00Z,ETHUSDT,2075.18,2083.56,2073.55,2080.02,194.83
2026-01-08T14:00:00Z,BTCUSDT,37385.83,37428.38,37371.61,37412.31,277.23
2026-01-08T14:00:00Z,ETHUSDT,2080.02,2085.23,2077.29,2082.6,162.57
2026-01-08T14:15:00Z,BTCUSDT,37412.31,37502.49,37375.02,37457.81,564.67
2026-01-08T14:15:00Z,ETHUSDT,2082.6,2094.37,2079.25,2087.81,315.47
2026-01-08T14:30:00Z,BTCUSDT,37457.81,37477.69,37423.72,37439.34,271.6
2026-01-08T14:30:00Z,ETHUSDT,2087.81,2090.23,2083.84,2087.14,191.94
2026-01-08T14:45:00Z,BTCUSDT,37439.34,37488.51,37362.96,37394.87,398.97
2026-01-08T14:45:00Z,ETHUSDT,2087.14,2088.49,2080.61,2082.73,557.61
2026-01-08T15:00:00Z,BTCUSDT,37394.87,37491.63,37352.68,37467.24,165.82
2026-01-08T15:00:00Z,ETHUSDT,2082.73,2092.31,2082.2,2090.65,657.74
2026-01-08T15:15:00Z,BTCUSDT,37467.24,37547.11,37430.34,37533.55,486.49
2026-01-08T15:15:00Z,ETHUSDT,2090.65,2092.58,2089.95,2092.28,570.58
2026-01-08T15:30:00Z,BTCUSDT,37533.55,37646.68,37500.45,37607.74,581.89
2026-01-08T15:30:00Z,ETHUSDT,2092.28,2102.8,2086.5,2098.65,162.97
2026-01-08T15:45:00Z,BTCUSDT,37607.74,37653.01,37600.0,37641.62,340.08
2026-01-08T15:45:00Z,ETHUSDT,2098.65,2108.61,2096.17,2105.52,189.75
2026-01-08T16:00:00Z,BTCUSDT,37641.62,37661.21,37601.17,37643.5,409.74
2026-01-08T16:00:00Z,ETHUSDT,2105.52,2106.47,2099.92,2102.75,608.69
2026-01-08T16:15:00Z,BTCUSDT,37643.5,37745.26,37594.98,37706.53,247.04
2026-01-08T16:15:00Z,ETHUSDT,2102.75,2109.65,2098.98,2105.84,226.41
2026-01-08T16:30:00Z,BTCUSDT,37706.53,37779.76,37552.07,37616.36,272.1
2026-01-08T16:30:00Z,ETHUSDT,2105.84,2112.55,2093.44,2095.34,502.1
2026-01-08T16:45:00Z,BTCUSDT,37616.36,37817.56,37520.34,37724.53,209.45
2026-01-08T16:45:00Z,ETHUSDT,2095.34,2106.23,2091.88,2104.28,368.13
2026-01-08T17:00:00Z,BTCUSDT,37724.53,37820.63,37693.28,37775.31,364.95
2026-01-08T17:00:00Z,ETHUSDT,2104.28,2116.49,2097.66,2112.44,855.63
2026-01-08T17:15:00Z,BTCUSDT,37775.31,37853.38,37723.93,37782.75,217.34
2026-01-08T17:15:00Z,ETHUSDT,2112.44,2118.44,2109.23,2116.66,550.91
2026-01-08T17:30:00Z,BTCUSDT,37782.75,37833.02,37771.6,37811.66,269.24
2026-01-08T17:30:00Z,ETHUSDT,2116.66,2120.87,2115.72,2120.06,405.07
2026-01-08T17:45:00Z,BTCUSDT,37811.66,37852.96,37671.48,37695.08,624.32
2026-01-08T17:45:00Z,ETHUSDT,2120.06,2124.86,2105.52,2109.67,765.34
2026-01-08T18:00:00Z,BTCUSDT,37695.08,37728.31,37627.64,37655.77,294.66
2026-01-08T18:00:00Z,ETHUSDT,2109.67,2111.62,2102.74,2105.24,552.21
2026-01-08T18:15:00Z,BTCUSDT,37655.77,37739.94,37609.17,37690.6,347.96
2026-01-08T18:15:00Z,ETHUSDT,2105.24,2110.35,2103.7,2108.18,368.27
2026-01-08T18:30:00Z,BTCUSDT,37690.6,37698.63,37642.5,37652.9,442.41
2026-01-08T18:30:00Z,ETHUSDT,2108.18,2110.69,2105.44,2107.38,650.81
2026-01-08T18:45:00Z,BTCUSDT,37652.9,37703.61,37541.77,37577.68,301.83
2026-01-08T18:45:00Z,ETHUSDT,2107.38,2108.69,2101.14,2102.76,594.82
2026-01-08T19:00:00Z,BTCUSDT,37577.68,37599.43,37519.93,37554.25,411.2
2026-01-08T19:00:00Z,ETHUSDT,2102.76,2104.4,2102.26,2104.12,525.44
2026-01-08T19:15:00Z,BTCUSDT,37554.25,37591.9,37422.16,37482.03,595.58
2026-01-08T19:15:00Z,ETHUSDT,2104.12,2105.67,2099.01,2100.2,453.49
2026-01-08T19:30:00Z,BTCUSDT,37482.03,37553.03,37460.93,37540.03,243.83
2026-01-08T19:30:00Z,ETHUSDT,2100.2,2101.3,2099.72,2100.67,366.82
2026-01-08T19:45:00Z,BTCUSDT,37540.03,37565.28,37442.9,37477.15,334.69
2026-01-08T19:45:00Z,ETHUSDT,2100.67,2102.22,2098.28,2099.4,517.66
2026-01-08T20:00:00Z,BTCUSDT,37477.15,37588.23,37452.91,37566.63,285.54
2026-01-08T20:00:00Z,ETHUSDT,2099.4,2109.75,2092.43,2105.42,304.74
2026-01-08T20:15:00Z,BTCUSDT,37566.63,37626.82,37371.39,37451.53,476.17
2026-01-08T20:15:00Z,ETHUSDT,2105.42,2109.45,2092.66,2099.79,670.99
2026-01-08T20:30:00Z,BTCUSDT,37451.53,37561.65,37432.49,37514.28,683.86
2026-01-08T20:30:00Z,ETHUSDT,2099.79,2104.07,2098.55,2102.64,316.18
2026-01-08T20:45:00Z,BTCUSDT,37514.28,37539.7,37454.71,37485.1,558.26
2026-01-08T20:45:00Z,ETHUSDT,2102.64,2105.58,2093.09,2095.36,190.83
2026-01-08T21:00:00Z,BTCUSDT,37485.1,37548.9,37463.87,37536.42,230.25
2026-01-08T21:00:00Z,ETHUSDT,2095.36,2100.44,2094.68,2098.17,542.65
2026-01-08T21:15:00Z,BTCUSDT,37536.42,37754.26,37487.24,37677.86,466.87
2026-01-08T21:15:00Z,ETHUSDT,2098.17,2118.56,2091.34,2107.71,711.83
2026-01-08T21:30:00Z,BTCUSDT,37677.86,37688.95,37595.84,37629.8,473.2
2026-01-08T21:30:00Z,ETHUSDT,2107.71,2110.05,2101.84,2102.6,418.22
2026-01-08T21:45:00Z,BTCUSDT,37629.8,37667.04,37564.75,37598.62,493.99
2026-01-08T21:45:00Z,ETHUSDT,2102.6,2103.91,2101.03,2103.26,569.38
2026-01-08T22:00:00Z,BTCUSDT,37598.62,37646.24,37581.23,37611.68,215.65
2026-01-08T22:00:00Z,ETHUSDT,2103.26,2104.8,2092.94,2096.03,711.72
2026-01-08T22:15:00Z,BTCUSDT,37611.68,37647.42,37541.4,37573.74,198.32
2026-01-08T22:15:00Z,ETHUSDT,2096.03,2097.85,2094.01,2095.86,614.05
2026-01-08T22:30:00Z,BTCUSDT,37573.74,37585.74,37498.78,37513.5,202.62
2026-01-08T22:30:00Z,ETHUSDT,2095.86,2097.79,2093.85,2095.01,289.08
2026-01-08T22:45:00Z,BTCUSDT,37513.5,37544.32,37428.47,37457.68,581.92
2026-01-08T22:45:00Z,ETHUSDT,2095.01,2096.8,2093.54,2095.42,249.9
2026-01-08T23:00:00Z,BTCUSDT,37457.68,37471.49,37406.9,37420.71,525.05
2026-01-08T23:00:00Z,ETHUSDT,2095.42,2098.72,2091.8,2093.52,291.22
2026-01-08T23:15:00Z,BTCUSDT,37420.71,37437.02,37314.1,37351.8,601.56
2026-01-08T23:15:00Z,ETHUSDT,2093.52,2099.69,2076.68,2084.82,856.88
2026-01-08T23:30:00Z,BTCUSDT,37351.8,37455.33,37301.45,37435.82,348.44
2026-01-08T23:30:00Z,ETHUSDT,2084.82,2090.52,2083.57,2088.73,696.83
2026-01-08T23:45:00Z,BTCUSDT,37435.82,37475.85,37283.48,37316.35,436.53
2026-01-08T23:45:00Z,ETHUSDT,2088.73,2092.04,2072.6,2077.94,740.66
2026-01-09T00:00:00Z,BTCUSDT,37316.35,37337.26,37258.31,37286.9,220.15
2026-01-09T00:00:00Z,ETHUSDT,2077.94,2079.71,2069.34,2072.25,225.04
2026-01-09T00:15:00Z,BTCUSDT,37286.9,37347.53,37264.2,37313.19,237.88
2026-01-09T00:15:00Z,ETHUSDT,2072.25,2073.33,2068.29,2070.56,192.42
2026-01-09T00:30:00Z,BTCUSDT,37313.19,37336.48,37221.35,37245.02,207.81
2026-01-09T00:30:00Z,ETHUSDT,2070.56,2071.71,2065.25,2067.53,243.78
2026-01-09T00:45:00Z,BTCUSDT,37245.02,37334.29,37194.08,37291.76,329.23
2026-01-09T00:45:00Z,ETHUSDT,2067.53,2070.28,2066.25,2069.67,337.9
2026-01-09T01:00:00Z,BTCUSDT,37291.76,37354.53,37227.02,37327.99,423.97
2026-01-09T01:00:00Z,ETHUSDT,2069.67,2071.06,2068.08,2069.22,646.94
2026-01-09T01:15:00Z,BTCUSDT,37327.99,37343.91,37166.67,37234.13,598.87
2026-01-09T01:15:00Z,ETHUSDT,2069.22,2073.25,2060.52,2064.71,598.16
2026-01-09T01:30:00Z,BTCUSDT,37234.13,37307.53,37171.29,37222.11,260.23
2026-01-09T01:30:00Z,ETHUSDT,2064.71,2069.3,2050.92,2055.32,527.24
2026-01-09T01:45:00Z,BTCUSDT,37222.11,37249.47,37109.36,37150.9,705.61
2026-01-09T01:45:00Z,ETHUSDT,2055.32,2056.29,2051.85,2052.34,349.63
2026-01-09T02:00:00Z,BTCUSDT,37150.9,37195.36,37121.45,37163.33,343.92
2026-01-09T02:00:00Z,ETHUSDT,2052.34,2054.62,2051.22,2054.11,493.93
2026-01-09T02:15:00Z,BTCUSDT,37163.33,37189.18,37148.68,37166.62,180.75
2026-01-09T02:15:00Z,ETHUSDT,2054.11,2056.06,2049.76,2050.64,399.63
2026-01-09T02:30:00Z,BTCUSDT,37166.62,37188.56,37049.19,37108.87,422.5
2026-01-09T02:30:00Z,ETHUSDT,2050.64,2053.98,2042.72,2046.35,294.95
2026-01-09T02:45:00Z,BTCUSDT,37108.87,37164.73,37034.29,37079.5,272.08
2026-01-09T02:45:00Z,ETHUSDT,2046.35,2049.36,2041.53,2043.75,234.21
2026-01-09T03:00:00Z,BTCUSDT,37079.5,37112.71,37050.7,37076.74,475.82
2026-01-09T03:00:00Z,ETHUSDT,2043.75,2044.67,2042.11,2043.46,196.72
2026-01-09T03:15:00Z,BTCUSDT,37076.74,37164.35,37012.63,37102.99,553.23
2026-01-09T03:15:00Z,ETHUSDT,2043.46,2044.15,2041.46,2042.93,637.83
2026-01-09T03:30:00Z,BTCUSDT,37102.99,37334.18,37054.58,37269.52,894.35
2026-01-09T03:30:00Z,ETHUSDT,2042.93,2057.47,2034.92,2050.23,552.99
2026-01-09T03:45:00Z,BTCUSDT,37269.52,37367.52,37220.67,37326.56,573.89
2026-01-09T03:45:00Z,ETHUSDT,2050.23,2059.13,2046.49,2057.08,477.24
2026-01-09T04:00:00Z,BTCUSDT,37326.56,37344.86,37293.52,37309.57,136.37
2026-01-09T04:00:00Z,ETHUSDT,2057.08,2058.08,2055.56,2056.26,300.61
2026-01-09T04:15:00Z,BTCUSDT,37309.57,37371.9,37266.41,37346.36,219.16
2026-01-09T04:15:00Z,ETHUSDT,2056.26,2058.85,2052.63,2057.28,592.75
2026-01-09T04:30:00Z,BTCUSDT,37346.36,37441.1,37324.0,37390.34,187.97
2026-01-09T04:30:00Z,ETHUSDT,2057.28,2060.45,2049.99,2053.83,495.76
2026-01-09T04:45:00Z,BTCUSDT,37390.34,37405.62,37354.12,37382.31,376.2
2026-01-09T04:45:00Z,ETHUSDT,2053.83,2055.24,2051.94,2052.36,548.91
2026-01-09T05:00:00Z,BTCUSDT,37382.31,37425.36,37332.35,37402.01,142.95
2026-01-09T05:00:00Z,ETHUSDT,2052.36,2060.88,2049.62,2056.86,514.32
2026-01-09T05:15:00Z,BTCUSDT,37402.01,37434.18,37283.09,37306.83,365.8
2026-01-09T05:15:00Z,ETHUSDT,2056.86,2058.68,2047.09,2051.82,369.09
2026-01-09T05:30:00Z,BTCUSDT,37306.83,37372.38,37244.54,37271.71,457.71
2026-01-09T05:30:00Z,ETHUSDT,2051.82,2054.38,2045.57,2048.76,268.11
2026-01-09T05:45:00Z,BTCUSDT,37271.71,37310.43,37070.5,37158.85,231.37
2026-01-09T05:45:00Z,ETHUSDT,2048.76,2050.51,2038.95,2044.05,180.96
2026-01-09T06:00:00Z,BTCUSDT,37158.85,37200.48,37056.64,37113.53,533.93
2026-01-09T06:00:00Z,ETHUSDT,2044.05,2048.08,2039.22,2043.36,582.75
2026-01-09T06:15:00Z,BTCUSDT,37113.53,37211.1,37084.52,37195.42,323.02
2026-01-09T06:15:00Z,ETHUSDT,2043.36,2051.64,2039.82,2048.94,671.15
2026-01-09T06:30:00Z,BTCUSDT,37195.42,37219.46,37183.5,37193.67,379.8
2026-01-09T06:30:00Z,ETHUSDT,2048.94,2061.97,2044.66,2056.52,528.93
2026-01-09T06:45:00Z,BTCUSDT,37193.67,37335.35,37126.42,37302.12,771.77
2026-01-09T06:45:00Z,ETHUSDT,2056.52,2068.36,2054.99,2066.61,594.49
2026-01-09T07:00:00Z,BTCUSDT,37302.12,37339.41,37223.89,37245.83,430.57
2026-01-09T07:00:00Z,ETHUSDT,2066.61,2069.61,2050.12,2059.11,170.45
2026-01-09T07:15:00Z,BTCUSDT,37245.83,37317.7,37231.04,37282.11,659.57
2026-01-09T07:15:00Z,ETHUSDT,2059.11,2067.81,2056.33,2064.97,224.24
2026-01-09T07:30:00Z,BTCUSDT,37282.11,37301.87,37229.14,37249.79,568.91
2026-01-09T07:30:00Z,ETHUSDT,2064.97,2067.57,2063.66,2065.81,503.27
2026-01-09T07:45:00Z,BTCUSDT,37249.79,37364.71,37207.39,37331.84,294.91
2026-01-09T07:45:00Z,ETHUSDT,2065.81,2072.85,2063.57,2071.01,697.69
2026-01-09T08:00:00Z,BTCUSDT,37331.84,37343.44,37281.24,37290.04,626.41
2026-01-09T08:00:00Z,ETHUSDT,2071.01,2072.63,2068.79,2069.88,480.48
2026-01-09T08:15:00Z,BTCUSDT,37290.04,37341.08,37158.21,37205.04,536.44
2026-01-09T08:15:00Z,ETHUSDT,2069.88,2073.49,2055.33,2062.44,771.77
2026-01-09T08:30:00Z,BTCUSDT,37205.04,37239.53,37060.8,37117.12,414.77
2026-01-09T08:30:00Z,ETHUSDT,2062.44,2068.23,2046.66,2053.38,886.38
2026-01-09T08:45:00Z,BTCUSDT,37117.12,37140.66,37093.17,37106.1,488.84
2026-01-09T08:45:00Z,ETHUSDT,2053.38,2055.91,2052.26,2054.55,369.22
2026-01-09T09:00:00Z,BTCUSDT,37106.1,37120.88,37088.83,37098.15,298.26
2026-01-09T09:00:00Z,ETHUSDT,2054.55,2056.87,2051.76,2052.32,162.14
2026-01-09T09:15:00Z,BTCUSDT,37098.15,37227.83,36874.29,36949.16,609.07
2026-01-09T09:15:00Z,ETHUSDT,2052.32,2054.06,2040.65,2043.69,560.97
2026-01-09T09:30:00Z,BTCUSDT,36949.16,37183.61,36894.6,37071.12,539.63
2026-01-09T09:30:00Z,ETHUSDT,2043.69,2059.25,2036.65,2051.81,645.66
2026-01-09T09:45:00Z,BTCUSDT,37071.12,37151.68,36977.8,37054.33,262.29
2026-01-09T09:45:00Z,ETHUSDT,2051.81,2054.66,2047.97,2049.27,679.82
2026-01-09T10:00:00Z,BTCUSDT,37054.33,37082.83,37019.34,37053.41,508.46
2026-01-09T10:00:00Z,ETHUSDT,2049.27,2051.15,2046.25,2047.57,256.93
2026-01-09T10:15:00Z,BTCUSDT,37053.41,37133.8,37038.26,37105.9,357.77
2026-01-09T10:15:00Z,ETHUSDT,2047.57,2051.83,2045.25,2050.39,172.53
2026-01-09T10:30:00Z,BTCUSDT,37105.9,37139.0,36965.57,37021.31,457.11
2026-01-09T10:30:00Z,ETHUSDT,2050.39,2054.38,2035.54,2038.15,269.55
2026-01-09T10:45:00Z,BTCUSDT,37021.31,37102.09,36850.96,36915.94,665.47
2026-01-09T10:45:00Z,ETHUSDT,2038.15,2044.57,2023.51,2030.81,379.88
2026-01-09T11:00:00Z,BTCUSDT,36915.94,36948.1,36863.36,36904.89,266.38
2026-01-09T11:00:00Z,ETHUSDT,2030.81,2036.28,2028.63,2034.13,277.54
2026-01-09T11:15:00Z,BTCUSDT,36904.89,36954.47,36810.27,36824.31,575.7
2026-01-09T11:15:00Z,ETHUSDT,2034.13,2037.64,2026.31,2030.27,397.04
2026-01-09T11:30:00Z,BTCUSDT,36824.31,36907.06,36812.38,36864.71,597.88
2026-01-09T11:30:00Z,ETHUSDT,2030.27,2031.79,2028.94,2030.98,641.36
2026-01-09T11:45:00Z,BTCUSDT,36864.71,36901.18,36850.78,36891.8,356.82
2026-01-09T11:45:00Z,ETHUSDT,2030.98,2034.69,2028.84,2033.65,577.49
2026-01-09T12:00:00Z,BTCUSDT,36891.8,36903.18,36884.4,36898.04,239.23
2026-01-09T12:00:00Z,ETHUSDT,2033.65,2040.33,2030.93,2038.16,426.73
2026-01-09T12:15:00Z,BTCUSDT,36898.04,37079.06,36798.03,36984.88,232.17
2026-01-09T12:15:00Z,ETHUSDT,2038.16,2046.58,2036.8,2043.88,383.95
2026-01-09T12:30:00Z,BTCUSDT,36984.88,36994.42,36961.95,36968.46,341.41
2026-01-09T12:30:00Z,ETHUSDT,2043.88,2046.04,2040.09,2043.66,266.08
2026-01-09T12:45:00Z,BTCUSDT,36968.46,37130.63,36929.29,37080.46,687.7
2026-01-09T12:45:00Z,ETHUSDT,2043.66,2056.34,2037.38,2051.51,303.66
2026-01-09T13:00:00Z,BTCUSDT,37080.46,37135.15,36926.2,36986.38,358.22
2026-01-09T13:00:00Z,ETHUSDT,2051.51,2059.29,2039.36,2042.61,399.64
2026-01-09T13:15:00Z,BTCUSDT,36986.38,37044.33,36941.81,37011.04,258.33
2026-01-09T13:15:00Z,ETHUSDT,2042.61,2045.25,2041.82,2044.2,681.27
2026-01-09T13:30:00Z,BTCUSDT,37011.04,37052.86,36969.32,37040.91,233.74
2026-01-09T13:30:00Z,ETHUSDT,2044.2,2051.88,2041.57,2049.02,210.76
2026-01-09T13:45:00Z,BTCUSDT,37040.91,37052.86,36922.98,36938.16,385.1
2026-01-09T13:45:00Z,ETHUSDT,2049.02,2055.98,2040.95,2042.65,612.77
2026-01-09T14:00:00Z,BTCUSDT,36938.16,36991.25,36903.78,36971.36,138.37
2026-01-09T14:00:00Z,ETHUSDT,2042.65,2050.45,2040.57,2047.56,157.25
2026-01-09T14:15:00Z,BTCUSDT,36971.36,37059.43,36929.38,37042.19,376.82
2026-01-09T14:15:00Z,ETHUSDT,2047.56,2058.11,2041.28,2055.05,732.01
2026-01-09T14:30:00Z,BTCUSDT,37042.19,37166.97,37029.6,37141.43,298.24
2026-01-09T14:30:00Z,ETHUSDT,2055.05,2068.25,2050.96,2066.58,719.85
2026-01-09T14:45:00Z,BTCUSDT,37141.43,37191.7,37123.51,37162.98,314.73
2026-01-09T14:45:00Z,ETHUSDT,2066.58,2072.13,2056.08,2060.02,426.8
2026-01-09T15:00:00Z,BTCUSDT,37162.98,37297.43,37137.16,37232.34,512.07
2026-01-09T15:00:00Z,ETHUSDT,2060.02,2066.71,2057.94,2065.95,297.48
2026-01-09T15:15:00Z,BTCUSDT,37232.34,37399.14,37177.15,37365.18,255.74
2026-01-09T15:15:00Z,ETHUSDT,2065.95,2071.51,2063.48,2069.66,383.07
2026-01-09T15:30:00Z,BTCUSDT,37365.18,37421.45,37333.44,37377.94,274.24
2026-01-09T15:30:00Z,ETHUSDT,2069.66,2083.89,2065.61,2078.03,631.72
2026-01-09T15:45:00Z,BTCUSDT,37377.94,37466.39,37360.59,37427.85,676.4
2026-01-09T15:45:00Z,ETHUSDT,2078.03,2089.34,2074.35,2084.03,161.71
2026-01-09T16:00:00Z,BTCUSDT,37427.85,37461.75,37299.51,37341.38,439.7
2026-01-09T16:00:00Z,ETHUSDT,2084.03,2087.7,2070.54,2075.86,640.14
2026-01-09T16:15:00Z,BTCUSDT,37341.38,37389.11,37221.55,37274.78,548.28
2026-01-09T16:15:00Z,ETHUSDT,2075.86,2077.98,2070.76,2072.91,425.4
2026-01-09T16:30:00Z,BTCUSDT,37274.78,37316.01,37227.83,37293.7,382.59
2026-01-09T16:30:00Z,ETHUSDT,2072.91,2077.57,2072.4,2075.27,362.85
2026-01-09T16:45:00Z,BTCUSDT,37293.7,37381.0,37237.04,37319.48,286.57
2026-01-09T16:45:00Z,ETHUSDT,2075.27,2078.7,2074.65,2077.61,569.24
2026-01-09T17:00:00Z,BTCUSDT,37319.48,37363.41,37264.68,37336.58,338.27
2026-01-09T17:00:00Z,ETHUSDT,2077.61,2083.51,2074.81,2081.7,299.19
2026-01-09T17:15:00Z,BTCUSDT,37336.58,37354.33,37276.29,37316.78,327.35
2026-01-09T17:15:00Z,ETHUSDT,2081.7,2083.72,2077.3,2079.26,162.44
2026-01-09T17:30:00Z,BTCUSDT,37316.78,37362.88,37205.06,37247.96,382.37
2026-01-09T17:30:00Z,ETHUSDT,2079.26,2081.89,2076.49,2078.06,134.08
2026-01-09T17:45:00Z,BTCUSDT,37247.96,37355.83,37236.37,37322.96,577.8
2026-01-09T17:45:00Z,ETHUSDT,2078.06,2088.53,2073.81,2086.91,234.55
2026-01-09T18:00:00Z,BTCUSDT,37322.96,37335.81,37201.05,37233.74,687.78
2026-01-09T18:00:00Z,ETHUSDT,2086.91,2087.42,2084.09,2084.94,604.04
2026-01-09T18:15:00Z,BTCUSDT,37233.74,37382.68,37166.37,37331.35,449.01
2026-01-09T18:15:00Z,ETHUSDT,2084.94,2092.18,2083.61,2088.38,164.88
2026-01-09T18:30:00Z,BTCUSDT,37331.35,37393.09,37221.0,37273.5,441.15
2026-01-09T18:30:00Z,ETHUSDT,2088.38,2091.24,2084.09,2085.33,673.24
2026-01-09T18:45:00Z,BTCUSDT,37273.5,37305.11,37138.78,37189.76,652.89
2026-01-09T18:45:00Z,ETHUSDT,2085.33,2087.49,2077.13,2080.13,692.25
2026-01-09T19:00:00Z,BTCUSDT,37189.76,37291.17,36951.28,37040.58,816.45
2026-01-09T19:00:00Z,ETHUSDT,2080.13,2083.44,2063.03,2066.62,575.96
2026-01-09T19:15:00Z,BTCUSDT,37040.58,37058.04,37007.3,37032.98,384.7
2026-01-09T19:15:00Z,ETHUSDT,2066.62,2070.22,2054.92,2061.21,706.35
2026-01-09T19:30:00Z,BTCUSDT,37032.98,37130.21,36975.9,37087.04,495.9
2026-01-09T19:30:00Z,ETHUSDT,2061.21,2067.84,2060.23,2065.2,398.95
2026-01-09T19:45:00Z,BTCUSDT,37087.04,37201.59,37020.21,37174.0,198.41
2026-01-09T19:45:00Z,ETHUSDT,2065.2,2075.82,2058.41,2072.69,664.27
2026-01-09T20:00:00Z,BTCUSDT,37174.0,37256.52,37151.01,37247.14,570.65
2026-01-09T20:00:00Z,ETHUSDT,2072.69,2078.36,2071.52,2076.45,606.51
2026-01-09T20:15:00Z,BTCUSDT,37247.14,37287.28,37212.63,37271.79,338.13
2026-01-09T20:15:00Z,ETHUSDT,2076.45,2082.55,2074.2,2081.48,238.51
2026-01-09T20:30:00Z,BTCUSDT,37271.79,37295.54,37259.01,37273.35,564.03
2026-01-09T20:30:00Z,ETHUSDT,2081.48,2084.41,2079.61,2081.61,605.94
2026-01-09T20:45:00Z,BTCUSDT,37273.35,37312.28,37221.89,37246.7,141.68
2026-01-09T20:45:00Z,ETHUSDT,2081.61,2087.02,2076.93,2085.75,486.75
2026-01-09T21:00:00Z,BTCUSDT,37246.7,37319.45,37219.66,37308.38,317.75
2026-01-09T21:00:00Z,ETHUSDT,2085.75,2104.17,2082.0,2094.43,261.74
2026-01-09T21:15:00Z,BTCUSDT,37308.38,37355.8,37172.9,37224.62,635.31
2026-01-09T21:15:00Z,ETHUSDT,2094.43,2095.98,2088.25,2090.16,179.25
2026-01-09T21:30:00Z,BTCUSDT,37224.62,37283.48,37117.24,37160.33,420.24
2026-01-09T21:30:00Z,ETHUSDT,2090.16,2093.12,2084.14,2085.16,442.65
2026-01-09T21:45:00Z,BTCUSDT,37160.33,37185.75,37103.87,37116.42,139.49
2026-01-09T21:45:00Z,ETHUSDT,2085.16,2089.11,2078.85,2080.12,338.71
2026-01-09T22:00:00Z,BTCUSDT,37116.42,37165.08,36990.1,37042.95,144.2
2026-01-09T22:00:00Z,ETHUSDT,2080.12,2087.04,2067.85,2073.92,781.52
2026-01-09T22:15:00Z,BTCUSDT,37042.95,37064.97,37030.74,37050.51,329.85
2026-01-09T22:15:00Z,ETHUSDT,2073.92,2086.48,2069.52,2081.65,591.08
2026-01-09T22:30:00Z,BTCUSDT,37050.51,37143.77,37019.93,37078.87,266.27
2026-01-09T22:30:00Z,ETHUSDT,2081.65,2084.13,2079.84,2082.37,243.48
2026-01-09T22:45:00Z,BTCUSDT,37078.87,37095.7,36998.21,37020.15,247.97
2026-01-09T22:45:00Z,ETHUSDT,2082.37,2085.02,2079.93,2082.22,489.17
2026-01-09T23:00:00Z,BTCUSDT,37020.15,37032.84,36969.26,36996.42,181.1
2026-01-09T23:00:00Z,ETHUSDT,2082.22,2083.14,2079.09,2079.71,534.68
2026-01-09T23:15:00Z,BTCUSDT,36996.42,37118.77,36950.27,37061.12,377.49
2026-01-09T23:15:00Z,ETHUSDT,2079.71,2090.55,2077.18,2086.84,618.66
2026-01-09T23:30:00Z,BTCUSDT,37061.12,37118.94,37039.1,37099.95,131.78
2026-01-09T23:30:00Z,ETHUSDT,2086.84,2096.53,2077.93,2094.53,183.74
2026-01-09T23:45:00Z,BTCUSDT,37099.95,37146.88,37047.62,37082.95,370.89
2026-01-09T23:45:00Z,ETHUSDT,2094.53,2097.64,2090.02,2091.38,467.24
2026-01-10T00:00:00Z,BTCUSDT,37082.95,37126.12,37025.24,37044.35,422.28
2026-01-10T00:00:00Z,ETHUSDT,2091.38,2094.45,2081.06,2083.03,491.48
2026-01-10T00:15:00Z,BTCUSDT,37044.35,37195.39,36978.13,37147.95,424.68
2026-01-10T00:15:00Z,ETHUSDT,2083.03,2092.17,2080.71,2090.07,689.65
2026-01-10T00:30:00Z,BTCUSDT,37147.95,37212.65,36995.18,37063.2,768.35
2026-01-10T00:30:00Z,ETHUSDT,2090.07,2091.47,2080.45,2081.78,826.77
2026-01-10T00:45:00Z,BTCUSDT,37063.2,37167.72,37050.81,37120.01,705.88
2026-01-10T00:45:00Z,ETHUSDT,2081.78,2089.14,2079.32,2087.48,589.36
2026-01-10T01:00:00Z,BTCUSDT,37120.01,37402.97,37063.34,37311.32,437.44
2026-01-10T01:00:00Z,ETHUSDT,2087.48,2104.23,2083.22,2099.54,967.96
2026-01-10T01:15:00Z,BTCUSDT,37311.32,37410.07,37295.67,37384.77,149.14
2026-01-10T01:15:00Z,ETHUSDT,2099.54,2105.19,2098.02,2102.61,147.56
2026-01-10T01:30:00Z,BTCUSDT,37384.77,37639.43,37305.6,37531.97,407.64
2026-01-10T01:30:00Z,ETHUSDT,2102.61,2116.58,2094.61,2112.37,241.33
2026-01-10T01:45:00Z,BTCUSDT,37531.97,37604.09,37478.59,37586.28,293.54
2026-01-10T01:45:00Z,ETHUSDT,2112.37,2115.01,2111.33,2113.06,362.6
2026-01-10T02:00:00Z,BTCUSDT,37586.28,37863.31,37470.3,37808.82,865.1
2026-01-10T02:00:00Z,ETHUSDT,2113.06,2147.76,2104.26,2132.94,437.41
2026-01-10T02:15:00Z,BTCUSDT,37808.82,38392.78,37535.14,38080.26,454.3
2026-01-10T02:15:00Z,ETHUSDT,2132.94,2155.0,2123.84,2148.47,291.43
2026-01-10T02:30:00Z,BTCUSDT,38080.26,38275.05,38066.18,38240.57,474.55
2026-01-10T02:30:00Z,ETHUSDT,2148.47,2172.77,2137.81,2161.26,582.64
2026-01-10T02:45:00Z,BTCUSDT,38240.57,38269.15,38149.17,38172.97,400.05
2026-01-10T02:45:00Z,ETHUSDT,2161.26,2163.43,2150.59,2153.33,400.77
2026-01-10T03:00:00Z,BTCUSDT,38172.97,38206.02,38092.0,38145.31,415.5
2026-01-10T03:00:00Z,ETHUSDT,2153.33,2159.45,2150.45,2156.77,538.9
2026-01-10T03:15:00Z,BTCUSDT,38145.31,38664.94,37878.51,38413.19,673.81
2026-01-10T03:15:00Z,ETHUSDT,2156.77,2175.71,2154.76,2171.38,276.42
2026-01-10T03:30:00Z,BTCUSDT,38413.19,38469.22,38273.93,38312.83,409.45
2026-01-10T03:30:00Z,ETHUSDT,2171.38,2174.12,2165.35,2166.49,517.31
2026-01-10T03:45:00Z,BTCUSDT,38312.83,38470.62,38265.76,38417.51,660.47
2026-01-10T03:45:00Z,ETHUSDT,2166.49,2171.99,2162.23,2170.29,707.23
2026-01-10T04:00:00Z,BTCUSDT,38417.51,38444.64,38323.61,38364.42,574.89
2026-01-10T04:00:00Z,ETHUSDT,2170.29,2171.32,2167.48,2168.54,461.34
2026-01-10T04:15:00Z,BTCUSDT,38364.42,38462.33,38254.46,38282.38,150.37
2026-01-10T04:15:00Z,ETHUSDT,2168.54,2175.58,2155.45,2159.52,491.29
2026-01-10T04:30:00Z,BTCUSDT,38282.38,38316.92,38217.52,38253.83,225.06
2026-01-10T04:30:00Z,ETHUSDT,2159.52,2161.17,2153.27,2154.07,476.25
2026-01-10T04:45:00Z,BTCUSDT,38253.83,38295.46,38092.81,38162.45,455.02
2026-01-10T04:45:00Z,ETHUSDT,2154.07,2156.27,2144.13,2147.22,169.11
2026-01-10T05:00:00Z,BTCUSDT,38162.45,38524.07,38032.83,38436.88,255.0
2026-01-10T05:00:00Z,ETHUSDT,2147.22,2175.34,2134.54,2165.18,737.91
2026-01-10T05:15:00Z,BTCUSDT,38436.88,38444.54,38427.16,38435.87,162.28
2026-01-10T05:15:00Z,ETHUSDT,2165.18,2166.59,2164.59,2166.23,660.64
2026-01-10T05:30:00Z,BTCUSDT,38435.87,38511.61,38303.47,38353.74,249.36
2026-01-10T05:30:00Z,ETHUSDT,2166.23,2168.82,2158.07,2161.78,396.64
2026-01-10T05:45:00Z,BTCUSDT,38353.74,38389.82,38186.48,38239.08,351.79
2026-01-10T05:45:00Z,ETHUSDT,2161.78,2165.16,2142.73,2153.05,577.51
2026-01-10T06:00:00Z,BTCUSDT,38239.08,38470.79,38101.26,38367.82,643.69
2026-01-10T06:00:00Z,ETHUSDT,2153.05,2165.95,2147.73,2163.29,302.44
2026-01-10T06:15:00Z,BTCUSDT,38367.82,38415.05,38264.33,38317.05,484.57
2026-01-10T06:15:00Z,ETHUSDT,2163.29,2167.01,2155.96,2159.88,448.63
2026-01-10T06:30:00Z,BTCUSDT,38317.05,38654.04,38149.17,38573.91,515.86
2026-01-10T06:30:00Z,ETHUSDT,2159.88,2193.21,2142.03,2182.84,294.1
2026-01-10T06:45:00Z,BTCUSDT,38573.91,38701.59,38304.18,38410.54,820.79
2026-01-10T06:45:00Z,ETHUSDT,2182.84,2184.9,2176.97,2178.17,447.05
2026-01-10T07:00:00Z,BTCUSDT,38410.54,38543.29,38220.02,38272.28,436.66
2026-01-10T07:00:00Z,ETHUSDT,2178.17,2182.35,2166.54,2169.65,803.61
2026-01-10T07:15:00Z,BTCUSDT,38272.28,38340.71,38219.3,38322.53,545.71
2026-01-10T07:15:00Z,ETHUSDT,2169.65,2178.73,2165.28,2174.1,162.02
2026-01-10T07:30:00Z,BTCUSDT,38322.53,38382.32,38267.09,38298.51,490.87
2026-01-10T07:30:00Z,ETHUSDT,2174.1,2174.53,2173.63,2174.07,455.02
2026-01-10T07:45:00Z,BTCUSDT,38298.51,38391.57,37998.17,38140.48,490.05
2026-01-10T07:45:00Z,ETHUSDT,2174.07,2187.82,2154.02,2161.16,204.17
2026-01-10T08:00:00Z,BTCUSDT,38140.48,38170.54,38095.39,38158.14,546.01
2026-01-10T08:00:00Z,ETHUSDT,2161.16,2163.71,2159.11,2162.22,512.05
2026-01-10T08:15:00Z,BTCUSDT,38158.14,38275.79,38137.81,38220.48,674.41
2026-01-10T08:15:00Z,ETHUSDT,2162.22,2164.34,2161.28,2163.11,161.68
2026-01-10T08:30:00Z,BTCUSDT,38220.48,38656.12,38048.15,38506.93,219.58
2026-01-10T08:30:00Z,ETHUSDT,2163.11,2187.56,2153.07,2183.44,687.69
2026-01-10T08:45:00Z,BTCUSDT,38506.93,38583.04,38363.89,38416.28,698.61
2026-01-10T08:45:00Z,ETHUSDT,2183.44,2188.31,2172.47,2173.94,818.14
2026-01-10T09:00:00Z,BTCUSDT,38416.28,38534.65,38385.94,38472.21,716.12
2026-01-10T09:00:00Z,ETHUSDT,2173.94,2177.37,2172.76,2176.2,692.17
2026-01-10T09:15:00Z,BTCUSDT,38472.21,38599.25,38204.43,38350.54,338.11
2026-01-10T09:15:00Z,ETHUSDT,2176.2,2179.5,2165.28,2166.61,599.09
2026-01-10T09:30:00Z,BTCUSDT,38350.54,38362.91,38266.7,38283.23,318.12
2026-01-10T09:30:00Z,ETHUSDT,2166.61,2167.68,2161.74,2162.67,443.22
2026-01-10T09:45:00Z,BTCUSDT,38283.23,38349.42,38020.49,38044.11,684.39
2026-01-10T09:45:00Z,ETHUSDT,2162.67,2177.04,2145.55,2149.51,934.44
2026-01-10T10:00:00Z,BTCUSDT,38044.11,38114.31,37977.65,38025.43,531.87
2026-01-10T10:00:00Z,ETHUSDT,2149.51,2150.52,2143.18,2146.34,613.18
2026-01-10T10:15:00Z,BTCUSDT,38025.43,38038.16,37928.52,37948.42,575.65
2026-01-10T10:15:00Z,ETHUSDT,2146.34,2147.48,2144.55,2145.15,318.59
2026-01-10T10:30:00Z,BTCUSDT,37948.42,38035.29,37915.65,37999.13,311.89
2026-01-10T10:30:00Z,ETHUSDT,2145.15,2161.99,2139.99,2155.88,251.95
2026-01-10T10:45:00Z,BTCUSDT,37999.13,38276.08,37955.26,38230.15,621.87
2026-01-10T10:45:00Z,ETHUSDT,2155.88,2176.75,2146.52,2168.1,642.07
2026-01-10T11:00:00Z,BTCUSDT,38230.15,38569.79,38162.16,38440.22,374.83
2026-01-10T11:00:00Z,ETHUSDT,2168.1,2188.35,2155.92,2180.86,635.38
2026-01-10T11:15:00Z,BTCUSDT,38440.22,38491.59,38413.89,38471.16,610.78
2026-01-10T11:15:00Z,ETHUSDT,2180.86,2188.53,2179.57,2185.06,246.01
2026-01-10T11:30:00Z,BTCUSDT,38471.16,38681.38,38360.22,38593.07,220.2
2026-01-10T11:30:00Z,ETHUSDT,2185.06,2187.73,2181.58,2186.32,231.25
2026-01-10T11:45:00Z,BTCUSDT,38593.07,38841.69,38538.64,38738.03,826.97
2026-01-10T11:45:00Z,ETHUSDT,2186.32,2195.22,2183.96,2193.21,679.69
2026-01-10T12:00:00Z,BTCUSDT,38738.03,38794.52,38617.39,38659.5,617.48
2026-01-10T12:00:00Z,ETHUSDT,2193.21,2198.58,2183.39,2188.51,171.24
2026-01-10T12:15:00Z,BTCUSDT,38659.5,38700.04,38492.59,38535.09,613.71
2026-01-10T12:15:00Z,ETHUSDT,2188.51,2193.29,2169.07,2176.8,673.39
2026-01-10T12:30:00Z,BTCUSDT,38535.09,38608.45,38522.26,38571.18,479.17
2026-01-10T12:30:00Z,ETHUSDT,2176.8,2183.98,2173.24,2182.27,649.04
2026-01-10T12:45:00Z,BTCUSDT,38571.18,38716.03,38548.76,38689.12,578.05
2026-01-10T12:45:00Z,ETHUSDT,2182.27,2197.07,2176.86,2194.36,208.49
2026-01-10T13:00:00Z,BTCUSDT,38689.12,38720.24,38570.33,38637.97,561.19
2026-01-10T13:00:00Z,ETHUSDT,2194.36,2195.74,2187.63,2190.77,715.64
2026-01-10T13:15:00Z,BTCUSDT,38637.97,38682.2,38624.34,38654.87,460.28
2026-01-10T13:15:00Z,ETHUSDT,2190.77,2198.39,2188.31,2196.91,580.51
2026-01-10T13:30:00Z,BTCUSDT,38654.87,38689.06,38513.64,38546.25,552.73
2026-01-10T13:30:00Z,ETHUSDT,2196.91,2199.57,2187.69,2189.17,300.41
2026-01-10T13:45:00Z,BTCUSDT,38546.25,38571.44,38368.12,38461.1,286.68
2026-01-10T13:45:00Z,ETHUSDT,2189.17,2195.74,2176.8,2179.73,368.99
2026-01-10T14:00:00Z,BTCUSDT,38461.1,38589.57,38416.65,38565.47,341.11
2026-01-10T14:00:00Z,ETHUSDT,2179.73,2203.04,2176.16,2197.53,1080.0
2026-01-10T14:15:00Z,BTCUSDT,38565.47,38585.92,38507.22,38531.25,634.62
2026-01-10T14:15:00Z,ETHUSDT,2197.53,2201.09,2195.74,2197.84,502.36
2026-01-10T14:30:00Z,BTCUSDT,38531.25,38588.71,38511.6,38545.44,476.04
2026-01-10T14:30:00Z,ETHUSDT,2197.84,2200.02,2195.16,2196.32,170.11
2026-01-10T14:45:00Z,BTCUSDT,38545.44,38636.61,38527.62,38597.78,620.96
2026-01-10T14:45:00Z,ETHUSDT,2196.32,2202.71,2195.24,2200.89,231.57
2026-01-10T15:00:00Z,BTCUSDT,38597.78,38728.64,38549.08,38652.91,375.95
2026-01-10T15:00:00Z,ETHUSDT,2200.89,2213.41,2198.58,2207.56,241.05
2026-01-10T15:15:00Z,BTCUSDT,38652.91,38748.53,38385.56,38441.04,775.25
2026-01-10T15:15:00Z,ETHUSDT,2207.56,2219.38,2176.73,2190.29,548.39
2026-01-10T15:30:00Z,BTCUSDT,38441.04,38638.27,38268.31,38577.33,701.21
2026-01-10T15:30:00Z,ETHUSDT,2190.29,2209.55,2183.09,2200.69,368.69
2026-01-10T15:45:00Z,BTCUSDT,38577.33,38719.8,38546.15,38654.04,690.58
2026-01-10T15:45:00Z,ETHUSDT,2200.69,2219.84,2198.09,2212.79,320.81
2026-01-10T16:00:00Z,BTCUSDT,38654.04,38815.48,38573.7,38779.21,713.88
2026-01-10T16:00:00Z,ETHUSDT,2212.79,2226.99,2211.05,2221.3,699.6
2026-01-10T16:15:00Z,BTCUSDT,38779.21,38875.49,38742.53,38859.39,360.77
2026-01-10T16:15:00Z,ETHUSDT,2221.3,2230.31,2217.6,2228.14,620.98
2026-01-10T16:30:00Z,BTCUSDT,38859.39,39017.45,38797.51,38947.13,715.47
2026-01-10T16:30:00Z,ETHUSDT,2228.14,2238.14,2224.35,2235.87,685.73
2026-01-10T16:45:00Z,BTCUSDT,38947.13,39002.62,38938.1,38981.49,682.12
2026-01-10T16:45:00Z,ETHUSDT,2235.87,2246.19,2231.42,2240.92,454.94
2026-01-10T17:00:00Z,BTCUSDT,38981.49,39024.94,38747.84,38775.27,273.37
2026-01-10T17:00:00Z,ETHUSDT,2240.92,2242.41,2227.45,2229.23,878.34
2026-01-10T17:15:00Z,BTCUSDT,38775.27,38839.69,38759.5,38794.52,269.05
2026-01-10T17:15:00Z,ETHUSDT,2229.23,2230.12,2225.83,2226.47,392.87
2026-01-10T17:30:00Z,BTCUSDT,38794.52,38899.93,38492.48,38622.65,870.92
2026-01-10T17:30:00Z,ETHUSDT,2226.47,2231.35,2199.44,2210.47,747.84
2026-01-10T17:45:00Z,BTCUSDT,38622.65,38628.89,38591.57,38603.41,421.13
2026-01-10T17:45:00Z,ETHUSDT,2210.47,2212.81,2204.64,2206.9,479.43
2026-01-10T18:00:00Z,BTCUSDT,38603.41,38627.88,38552.31,38582.24,396.81
2026-01-10T18:00:00Z,ETHUSDT,2206.9,2209.5,2204.34,2205.19,347.93
2026-01-10T18:15:00Z,BTCUSDT,38582.24,38588.85,38578.06,38582.47,557.97
2026-01-10T18:15:00Z,ETHUSDT,2205.19,2208.41,2197.41,2199.32,652.6
2026-01-10T18:30:00Z,BTCUSDT,38582.47,38680.41,38518.17,38642.9,493.57
2026-01-10T18:30:00Z,ETHUSDT,2199.32,2210.34,2197.21,2204.69,233.62
2026-01-10T18:45:00Z,BTCUSDT,38642.9,38728.36,38603.37,38681.93,461.34
2026-01-10T18:45:00Z,ETHUSDT,2204.69,2207.62,2202.59,2206.06,514.64
2026-01-10T19:00:00Z,BTCUSDT,38681.93,38687.31,38628.73,38649.56,448.64
2026-01-10T19:00:00Z,ETHUSDT,2206.06,2207.99,2198.21,2201.26,233.42
2026-01-10T19:15:00Z,BTCUSDT,38649.56,38720.45,38594.66,38702.97,606.94
2026-01-10T19:15:00Z,ETHUSDT,2201.26,2211.5,2198.16,2205.66,313.38
2026-01-10T19:30:00Z,BTCUSDT,38702.97,38747.37,38568.59,38615.86,384.25
2026-01-10T19:30:00Z,ETHUSDT,2205.66,2208.3,2195.29,2199.1,753.97
2026-01-10T19:45:00Z,BTCUSDT,38615.86,38661.34,38509.2,38542.14,595.45
2026-01-10T19:45:00Z,ETHUSDT,2199.1,2204.7,2182.91,2189.94,541.6
2026-01-10T20:00:00Z,BTCUSDT,38542.14,38600.9,38375.87,38389.6,680.12
2026-01-10T20:00:00Z,ETHUSDT,2189.94,2199.34,2169.14,2179.64,726.26
2026-01-10T20:15:00Z,BTCUSDT,38389.6,38687.04,38271.03,38620.45,536.69
2026-01-10T20:15:00Z,ETHUSDT,2179.64,2201.58,2177.91,2198.76,659.83
2026-01-10T20:30:00Z,BTCUSDT,38620.45,38680.25,38591.71,38659.48,206.3
2026-01-10T20:30:00Z,ETHUSDT,2198.76,2201.06,2197.22,2200.32,303.68
2026-01-10T20:45:00Z,BTCUSDT,38659.48,38793.76,38601.51,38749.06,581.31
2026-01-10T20:45:00Z,ETHUSDT,2200.32,2205.9,2196.8,2204.89,454.32
2026-01-10T21:00:00Z,BTCUSDT,38749.06,38778.07,38698.04,38720.2,351.35
2026-01-10T21:00:00Z,ETHUSDT,2204.89,2206.63,2197.68,2201.34,501.95
2026-01-10T21:15:00Z,BTCUSDT,38720.2,38749.66,38660.85,38679.31,418.75
2026-01-10T21:15:00Z,ETHUSDT,2201.34,2202.11,2198.66,2200.15,479.95
2026-01-10T21:30:00Z,BTCUSDT,38679.31,39303.81,38574.97,38998.03,250.66
2026-01-10T21:30:00Z,ETHUSDT,2200.15,2232.23,2197.25,2222.92,484.58
2026-01-10T21:45:00Z,BTCUSDT,38998.03,39061.61,38827.57,38902.18,732.28
2026-01-10T21:45:00Z,ETHUSDT,2222.92,2226.38,2215.63,2218.42,490.97
2026-01-10T22:00:00Z,BTCUSDT,38902.18,38976.47,38892.31,38954.9,338.66
2026-01-10T22:00:00Z,ETHUSDT,2218.42,2224.84,2214.17,2222.94,751.97
2026-01-10T22:15:00Z,BTCUSDT,38954.9,39024.94,38784.77,38855.92,392.87
2026-01-10T22:15:00Z,ETHUSDT,2222.94,2225.31,2210.38,2214.65,434.01
2026-01-10T22:30:00Z,BTCUSDT,38855.92,38873.65,38788.03,38848.16,376.02
2026-01-10T22:30:00Z,ETHUSDT,2214.65,2217.59,2210.58,2213.52,588.68
2026-01-10T22:45:00Z,BTCUSDT,38848.16,38961.16,38832.85,38906.98,399.38
2026-01-10T22:45:00Z,ETHUSDT,2213.52,2228.46,2208.63,2222.01,573.25
2026-01-10T23:00:00Z,BTCUSDT,38906.98,39188.29,38766.34,39033.58,623.51
2026-01-10T23:00:00Z,ETHUSDT,2222.01,2228.89,2219.74,2227.08,625.98
2026-01-10T23:15:00Z,BTCUSDT,39033.58,39152.09,38614.8,38809.13,328.7
2026-01-10T23:15:00Z,ETHUSDT,2227.08,2233.61,2197.51,2209.65,561.63
2026-01-10T23:30:00Z,BTCUSDT,38809.13,38946.39,38775.67,38895.31,743.3
2026-01-10T23:30:00Z,ETHUSDT,2209.65,2216.08,2208.84,2215.14,219.15
2026-01-10T23:45:00Z,BTCUSDT,38895.31,38947.77,38875.55,38911.76,408.42
2026-01-10T23:45:00Z,ETHUSDT,2215.14,2217.77,2211.94,2213.96,535.53
2026-01-11T00:00:00Z,BTCUSDT,38911.76,39194.7,38789.96,39159.58,416.43
2026-01-11T00:00:00Z,ETHUSDT,2213.96,2242.65,2209.03,2234.97,719.68
2026-01-11T00:15:00Z,BTCUSDT,39159.58,39441.74,39095.14,39301.72,546.61
2026-01-11T00:15:00Z,ETHUSDT,2234.97,2238.95,2229.03,2232.46,274.42
2026-01-11T00:30:00Z,BTCUSDT,39301.72,39333.14,39184.49,39228.58,409.53
2026-01-11T00:30:00Z,ETHUSDT,2232.46,2234.48,2227.6,2229.46,504.05
2026-01-11T00:45:00Z,BTCUSDT,39228.58,39443.31,39198.25,39328.96,251.93
2026-01-11T00:45:00Z,ETHUSDT,2229.46,2240.71,2226.97,2239.19,355.43
2026-01-11T01:00:00Z,BTCUSDT,39328.96,39375.53,39193.08,39252.93,665.38
2026-01-11T01:00:00Z,ETHUSDT,2239.19,2241.82,2235.37,2237.94,229.44
2026-01-11T01:15:00Z,BTCUSDT,39252.93,39615.97,39090.05,39508.75,536.18
2026-01-11T01:15:00Z,ETHUSDT,2237.94,2261.08,2219.92,2256.24,583.28
2026-01-11T01:30:00Z,BTCUSDT,39508.75,39909.61,39328.11,39773.05,798.53
2026-01-11T01:30:00Z,ETHUSDT,2256.24,2283.44,2246.32,2274.49,225.34
2026-01-11T01:45:00Z,BTCUSDT,39773.05,39859.78,39565.68,39643.24,540.76
2026-01-11T01:45:00Z,ETHUSDT,2274.49,2284.29,2258.67,2262.13,249.48
2026-01-11T02:00:00Z,BTCUSDT,39643.24,39902.81,39544.96,39792.01,332.72
2026-01-11T02:00:00Z,ETHUSDT,2262.13,2284.68,2254.55,2277.39,330.6
2026-01-11T02:15:00Z,BTCUSDT,39792.01,40041.13,39763.89,39934.74,718.33
2026-01-11T02:15:00Z,ETHUSDT,2277.39,2295.14,2265.48,2292.22,894.46
2026-01-11T02:30:00Z,BTCUSDT,39934.74,39963.64,39877.63,39900.82,532.02
2026-01-11T02:30:00Z,ETHUSDT,2292.22,2293.09,2289.66,2290.16,586.75
2026-01-11T02:45:00Z,BTCUSDT,39900.82,39947.9,39767.45,39800.05,567.62
2026-01-11T02:45:00Z,ETHUSDT,2290.16,2292.42,2275.83,2280.65,551.72
2026-01-11T03:00:00Z,BTCUSDT,39800.05,39839.43,39706.08,39740.62,418.46
2026-01-11T03:00:00Z,ETHUSDT,2280.65,2281.96,2277.27,2279.47,438.76
2026-01-11T03:15:00Z,BTCUSDT,39740.62,39980.42,39631.9,39909.94,598.39
2026-01-11T03:15:00Z,ETHUSDT,2279.47,2294.28,2272.06,2288.32,599.28
2026-01-11T03:30:00Z,BTCUSDT,39909.94,40096.12,39813.78,40013.62,627.4
2026-01-11T03:30:00Z,ETHUSDT,2288.32,2292.43,2287.38,2290.9,541.23
2026-01-11T03:45:00Z,BTCUSDT,40013.62,40245.42,39861.93,40187.98,314.83
2026-01-11T03:45:00Z,ETHUSDT,2290.9,2310.9,2281.45,2302.52,421.43
2026-01-11T04:00:00Z,BTCUSDT,40187.98,40214.66,40100.11,40136.91,261.91
2026-01-11T04:00:00Z,ETHUSDT,2302.52,2303.65,2301.33,2302.99,596.36
2026-01-11T04:15:00Z,BTCUSDT,40136.91,40205.32,40119.37,40188.37,469.48
2026-01-11T04:15:00Z,ETHUSDT,2302.99,2303.57,2302.03,2302.6,447.27
2026-01-11T04:30:00Z,BTCUSDT,40188.37,40320.9,39999.07,40066.35,383.2
2026-01-11T04:30:00Z,ETHUSDT,2302.6,2305.08,2292.52,2296.17,697.42
2026-01-11T04:45:00Z,BTCUSDT,40066.35,40161.47,39836.12,39896.55,793.51
2026-01-11T04:45:00Z,ETHUSDT,2296.17,2299.88,2269.44,2281.87,487.28
2026-01-11T05:00:00Z,BTCUSDT,39896.55,39926.34,39883.19,39910.47,547.9
2026-01-11T05:00:00Z,ETHUSDT,2281.87,2282.87,2276.4,2280.87,390.32
2026-01-11T05:15:00Z,BTCUSDT,39910.47,40086.98,39880.62,40001.05,447.82
2026-01-11T05:15:00Z,ETHUSDT,2280.87,2293.93,2278.72,2291.71,202.31
2026-01-11T05:30:00Z,BTCUSDT,40001.05,40074.02,39984.28,40047.71,442.58
2026-01-11T05:30:00Z,ETHUSDT,2291.71,2302.02,2286.88,2298.41,229.43
2026-01-11T05:45:00Z,BTCUSDT,40047.71,40104.92,40010.0,40087.0,166.0
2026-01-11T05:45:00Z,ETHUSDT,2298.41,2302.14,2295.08,2299.37,274.73
2026-01-11T06:00:00Z,BTCUSDT,40087.0,40146.79,39955.99,40014.21,474.34
2026-01-11T06:00:00Z,ETHUSDT,2299.37,2302.68,2287.65,2293.81,267.47
2026-01-11T06:15:00Z,BTCUSDT,40014.21,40062.97,39997.95,40051.52,560.71
2026-01-11T06:15:00Z,ETHUSDT,2293.81,2302.02,2289.48,2298.99,405.97
2026-01-11T06:30:00Z,BTCUSDT,40051.52,40108.2,40026.78,40061.56,324.34
2026-01-11T06:30:00Z,ETHUSDT,2298.99,2299.8,2296.03,2297.6,673.51
2026-01-11T06:45:00Z,BTCUSDT,40061.56,40092.15,40011.05,40046.46,134.6
2026-01-11T06:45:00Z,ETHUSDT,2297.6,2301.27,2296.91,2299.54,463.24
2026-01-11T07:00:00Z,BTCUSDT,40046.46,40077.74,39985.17,40018.84,526.14
2026-01-11T07:00:00Z,ETHUSDT,2299.54,2304.0,2291.75,2295.9,382.83
2026-01-11T07:15:00Z,BTCUSDT,40018.84,40067.48,39918.3,39971.21,399.2
2026-01-11T07:15:00Z,ETHUSDT,2295.9,2304.15,2286.08,2288.09,394.27
2026-01-11T07:30:00Z,BTCUSDT,39971.21,40026.27,39939.7,40009.45,327.44
2026-01-11T07:30:00Z,ETHUSDT,2288.09,2295.4,2286.08,2291.54,579.13
2026-01-11T07:45:00Z,BTCUSDT,40009.45,40040.27,39970.35,39988.49,318.35
2026-01-11T07:45:00Z,ETHUSDT,2291.54,2292.31,2290.34,2291.01,623.54
2026-01-11T08:00:00Z,BTCUSDT,39988.49,40172.71,39866.33,40122.62,233.12
2026-01-11T08:00:00Z,ETHUSDT,2291.01,2311.15,2278.81,2302.35,584.4
2026-01-11T08:15:00Z,BTCUSDT,40122.62,40144.97,40086.81,40109.33,642.75
2026-01-11T08:15:00Z,ETHUSDT,2302.35,2305.47,2292.05,2296.16,745.04
2026-01-11T08:30:00Z,BTCUSDT,40109.33,40583.93,40000.8,40324.44,194.59
2026-01-11T08:30:00Z,ETHUSDT,2296.16,2320.75,2284.34,2312.98,587.74
2026-01-11T08:45:00Z,BTCUSDT,40324.44,40467.68,40295.58,40435.62,629.75
2026-01-11T08:45:00Z,ETHUSDT,2312.98,2322.24,2308.88,2318.61,748.26
2026-01-11T09:00:00Z,BTCUSDT,40435.62,40535.06,40148.62,40186.47,539.23
2026-01-11T09:00:00Z,ETHUSDT,2318.61,2335.37,2276.94,2296.31,536.48
2026-01-11T09:15:00Z,BTCUSDT,40186.47,40323.79,40096.72,40265.56,631.22
2026-01-11T09:15:00Z,ETHUSDT,2296.31,2308.87,2289.89,2302.48,188.74
2026-01-11T09:30:00Z,BTCUSDT,40265.56,40345.95,40218.03,40270.26,560.05
2026-01-11T09:30:00Z,ETHUSDT,2302.48,2305.75,2296.56,2298.69,186.68
2026-01-11T09:45:00Z,BTCUSDT,40270.26,40453.39,40239.35,40431.2,211.53
2026-01-11T09:45:00Z,ETHUSDT,2298.69,2326.65,2284.0,2313.29,593.58
2026-01-11T10:00:00Z,BTCUSDT,40431.2,40513.93,40265.74,40334.52,410.38
2026-01-11T10:00:00Z,ETHUSDT,2313.29,2316.14,2307.06,2308.59,368.79
2026-01-11T10:15:00Z,BTCUSDT,40334.52,40419.05,39975.31,40168.41,526.13
2026-01-11T10:15:00Z,ETHUSDT,2308.59,2313.06,2286.64,2298.16,849.46
2026-01-11T10:30:00Z,BTCUSDT,40168.41,40190.12,40070.92,40111.82,562.38
2026-01-11T10:30:00Z,ETHUSDT,2298.16,2300.17,2291.04,2292.08,205.56
2026-01-11T10:45:00Z,BTCUSDT,40111.82,40132.35,40055.97,40081.74,371.41
2026-01-11T10:45:00Z,ETHUSDT,2292.08,2294.68,2287.94,2290.41,407.66
2026-01-11T11:00:00Z,BTCUSDT,40081.74,40502.25,39902.87,40387.52,204.38
2026-01-11T11:00:00Z,ETHUSDT,2290.41,2330.03,2265.87,2314.59,571.62
2026-01-11T11:15:00Z,BTCUSDT,40387.52,40428.06,40281.78,40296.65,333.14
2026-01-11T11:15:00Z,ETHUSDT,2314.59,2315.89,2313.98,2314.51,220.48
2026-01-11T11:30:00Z,BTCUSDT,40296.65,40351.05,40083.85,40138.36,424.93
2026-01-11T11:30:00Z,ETHUSDT,2314.51,2324.08,2291.55,2299.93,281.23
2026-01-11T11:45:00Z,BTCUSDT,40138.36,40205.26,40015.38,40062.36,649.37
2026-01-11T11:45:00Z,ETHUSDT,2299.93,2307.12,2283.84,2291.71,839.83
2026-01-11T12:00:00Z,BTCUSDT,40062.36,40103.27,39869.64,39960.23,458.46
2026-01-11T12:00:00Z,ETHUSDT,2291.71,2295.35,2287.84,2290.16,167.57
2026-01-11T12:15:00Z,BTCUSDT,39960.23,40015.45,39935.04,40001.87,226.0
2026-01-11T12:15:00Z,ETHUSDT,2290.16,2298.3,2287.04,2294.66,510.06
2026-01-11T12:30:00Z,BTCUSDT,40001.87,40018.18,39905.34,39931.24,319.36
2026-01-11T12:30:00Z,ETHUSDT,2294.66,2295.91,2288.61,2291.86,203.61
2026-01-11T12:45:00Z,BTCUSDT,39931.24,39997.83,39635.82,39756.62,202.89
2026-01-11T12:45:00Z,ETHUSDT,2291.86,2299.88,2271.53,2277.93,718.77
2026-01-11T13:00:00Z,BTCUSDT,39756.62,39815.48,39589.21,39606.35,434.7
2026-01-11T13:00:00Z,ETHUSDT,2277.93,2283.1,2259.95,2266.99,183.55
2026-01-11T13:15:00Z,BTCUSDT,39606.35,39777.18,39434.54,39480.12,598.39
2026-01-11T13:15:00Z,ETHUSDT,2266.99,2269.58,2251.41,2252.79,518.09
2026-01-11T13:30:00Z,BTCUSDT,39480.12,39529.95,39455.88,39509.14,373.09
2026-01-11T13:30:00Z,ETHUSDT,2252.79,2261.35,2249.09,2258.61,645.66
2026-01-11T13:45:00Z,BTCUSDT,39509.14,39576.41,39489.31,39517.99,605.23
2026-01-11T13:45:00Z,ETHUSDT,2258.61,2260.98,2253.78,2254.75,633.06
2026-01-11T14:00:00Z,BTCUSDT,39517.99,39723.43,39473.34,39680.68,848.38
2026-01-11T14:00:00Z,ETHUSDT,2254.75,2266.81,2248.68,2262.61,722.38
2026-01-11T14:15:00Z,BTCUSDT,39680.68,39780.6,39409.74,39498.12,196.87
2026-01-11T14:15:00Z,ETHUSDT,2262.61,2267.6,2249.9,2251.02,683.22
2026-01-11T14:30:00Z,BTCUSDT,39498.12,39611.84,39478.24,39569.99,569.62
2026-01-11T14:30:00Z,ETHUSDT,2251.02,2258.19,2248.59,2256.26,461.87
2026-01-11T14:45:00Z,BTCUSDT,39569.99,39714.2,39543.57,39644.9,610.46
2026-01-11T14:45:00Z,ETHUSDT,2256.26,2260.74,2253.22,2259.55,618.36
2026-01-11T15:00:00Z,BTCUSDT,39644.9,39994.53,39411.71,39855.33,931.0
2026-01-11T15:00:00Z,ETHUSDT,2259.55,2284.6,2253.25,2274.79,321.92
2026-01-11T15:15:00Z,BTCUSDT,39855.33,39884.08,39675.07,39762.23,537.95
2026-01-11T15:15:00Z,ETHUSDT,2274.79,2277.31,2264.12,2265.85,768.8
2026-01-11T15:30:00Z,BTCUSDT,39762.23,40001.58,39639.38,39907.4,649.16
2026-01-11T15:30:00Z,ETHUSDT,2265.85,2282.45,2261.05,2277.67,421.4
2026-01-11T15:45:00Z,BTCUSDT,39907.4,39964.19,39690.62,39787.35,603.43
2026-01-11T15:45:00Z,ETHUSDT,2277.67,2287.36,2246.98,2261.71,299.7
2026-01-11T16:00:00Z,BTCUSDT,39787.35,39844.22,39767.5,39821.94,208.63
2026-01-11T16:00:00Z,ETHUSDT,2261.71,2268.59,2260.54,2264.94,640.22
2026-01-11T16:15:00Z,BTCUSDT,39821.94,40095.88,39776.55,39991.43,600.92
2026-01-11T16:15:00Z,ETHUSDT,2264.94,2277.08,2259.25,2275.11,800.41
2026-01-11T16:30:00Z,BTCUSDT,39991.43,40009.29,39924.22,39942.47,430.78
2026-01-11T16:30:00Z,ETHUSDT,2275.11,2277.74,2260.34,2267.25,276.67
2026-01-11T16:45:00Z,BTCUSDT,39942.47,40022.88,39912.55,39996.38,640.06
2026-01-11T16:45:00Z,ETHUSDT,2267.25,2270.99,2264.98,2268.64,310.04
2026-01-11T17:00:00Z,BTCUSDT,39996.38,40111.26,39946.97,40081.89,251.87
2026-01-11T17:00:00Z,ETHUSDT,2268.64,2279.42,2267.28,2275.95,189.56
2026-01-11T17:15:00Z,BTCUSDT,40081.89,40144.7,40057.12,40123.06,401.48
2026-01-11T17:15:00Z,ETHUSDT,2275.95,2280.69,2273.61,2277.62,425.65
2026-01-11T17:30:00Z,BTCUSDT,40123.06,40196.85,40069.55,40172.44,273.97
2026-01-11T17:30:00Z,ETHUSDT,2277.62,2282.1,2274.89,2279.37,338.42
2026-01-11T17:45:00Z,BTCUSDT,40172.44,40477.56,40118.89,40416.19,491.09
2026-01-11T17:45:00Z,ETHUSDT,2279.37,2315.12,2274.41,2302.79,896.54
2026-01-11T18:00:00Z,BTCUSDT,40416.19,40449.61,40237.87,40284.68,257.19
2026-01-11T18:00:00Z,ETHUSDT,2302.79,2307.99,2279.54,2284.61,967.34
2026-01-11T18:15:00Z,BTCUSDT,40284.68,40451.29,40251.99,40375.68,185.47
2026-01-11T18:15:00Z,ETHUSDT,2284.61,2292.13,2277.7,2290.29,773.32
2026-01-11T18:30:00Z,BTCUSDT,40375.68,40408.11,40301.65,40392.41,202.08
2026-01-11T18:30:00Z,ETHUSDT,2290.29,2293.7,2286.83,2292.42,443.97
2026-01-11T18:45:00Z,BTCUSDT,40392.41,40440.83,40281.26,40319.95,270.38
2026-01-11T18:45:00Z,ETHUSDT,2292.42,2294.14,2284.14,2286.15,305.74
2026-01-11T19:00:00Z,BTCUSDT,40319.95,40331.92,40239.92,40267.51,238.08
2026-01-11T19:00:00Z,ETHUSDT,2286.15,2287.97,2284.17,2285.71,465.48
2026-01-11T19:15:00Z,BTCUSDT,40267.51,40284.01,40203.45,40217.16,369.99
2026-01-11T19:15:00Z,ETHUSDT,2285.71,2292.58,2277.13,2279.1,421.79
2026-01-11T19:30:00Z,BTCUSDT,40217.16,40340.62,40161.57,40290.95,413.88
2026-01-11T19:30:00Z,ETHUSDT,2279.1,2287.29,2277.69,2285.4,222.46
2026-01-11T19:45:00Z,BTCUSDT,40290.95,40302.3,40229.53,40256.51,233.66
2026-01-11T19:45:00Z,ETHUSDT,2285.4,2287.91,2275.65,2277.36,668.68
2026-01-11T20:00:00Z,BTCUSDT,40256.51,40495.49,40201.93,40463.9,233.61
2026-01-11T20:00:00Z,ETHUSDT,2277.36,2286.21,2273.7,2284.74,422.98
2026-01-11T20:15:00Z,BTCUSDT,40463.9,40568.22,40138.77,40258.58,425.7
2026-01-11T20:15:00Z,ETHUSDT,2284.74,2303.76,2261.91,2268.72,363.52
2026-01-11T20:30:00Z,BTCUSDT,40258.58,40301.64,40138.58,40190.72,568.12
2026-01-11T20:30:00Z,ETHUSDT,2268.72,2269.28,2266.87,2268.36,640.17
2026-01-11T20:45:00Z,BTCUSDT,40190.72,40231.62,39944.28,40004.05,198.51
2026-01-11T20:45:00Z,ETHUSDT,2268.36,2273.74,2250.59,2252.99,441.9
2026-01-11T21:00:00Z,BTCUSDT,40004.05,40016.11,39934.3,39966.05,619.76
2026-01-11T21:00:00Z,ETHUSDT,2252.99,2254.31,2250.84,2252.5,629.43
2026-01-11T21:15:00Z,BTCUSDT,39966.05,39983.26,39819.99,39876.63,224.8
2026-01-11T21:15:00Z,ETHUSDT,2252.5,2263.92,2229.54,2242.48,615.89
2026-01-11T21:30:00Z,BTCUSDT,39876.63,39977.64,39843.48,39961.3,546.42
2026-01-11T21:30:00Z,ETHUSDT,2242.48,2259.98,2237.73,2251.23,710.5
2026-01-11T21:45:00Z,BTCUSDT,39961.3,40095.65,39938.05,40031.8,590.14
2026-01-11T21:45:00Z,ETHUSDT,2251.23,2255.35,2248.4,2254.06,393.29
2026-01-11T22:00:00Z,BTCUSDT,40031.8,40059.38,39885.4,39918.62,779.83
2026-01-11T22:00:00Z,ETHUSDT,2254.06,2256.72,2242.41,2244.14,577.87
2026-01-11T22:15:00Z,BTCUSDT,39918.62,39991.53,39848.96,39955.87,585.84
2026-01-11T22:15:00Z,ETHUSDT,2244.14,2249.04,2242.66,2246.41,490.73
2026-01-11T22:30:00Z,BTCUSDT,39955.87,40153.74,39941.41,40084.95,545.06
2026-01-11T22:30:00Z,ETHUSDT,2246.41,2262.7,2239.43,2258.82,668.33
2026-01-11T22:45:00Z,BTCUSDT,40084.95,40155.01,40005.41,40090.33,527.81
2026-01-11T22:45:00Z,ETHUSDT,2258.82,2261.06,2254.85,2259.05,512.25
2026-01-11T23:00:00Z,BTCUSDT,40090.33,40375.94,40059.57,40271.46,860.55
2026-01-11T23:00:00Z,ETHUSDT,2259.05,2278.48,2244.68,2274.03,320.7
2026-01-11T23:15:00Z,BTCUSDT,40271.46,40346.4,40237.12,40314.66,418.05
2026-01-11T23:15:00Z,ETHUSDT,2274.03,2279.24,2271.29,2277.14,489.78
2026-01-11T23:30:00Z,BTCUSDT,40314.66,40329.32,40246.24,40280.05,486.7
2026-01-11T23:30:00Z,ETHUSDT,2277.14,2277.84,2275.67,2277.43,254.01
2026-01-11T23:45:00Z,BTCUSDT,40280.05,40323.93,40228.81,40248.45,156.79
2026-01-11T23:45:00Z,ETHUSDT,2277.43,2282.33,2262.73,2269.79,284.1
2026-01-12T00:00:00Z,BTCUSDT,40248.45,40432.57,39935.19,40090.61,400.76
2026-01-12T00:00:00Z,ETHUSDT,2269.79,2271.18,2259.2,2263.0,466.3
2026-01-12T00:15:00Z,BTCUSDT,40090.61,40342.4,40026.01,40299.01,216.01
2026-01-12T00:15:00Z,ETHUSDT,2263.0,2276.44,2255.96,2274.52,449.86
2026-01-12T00:30:00Z,BTCUSDT,40299.01,40333.09,40217.89,40242.3,152.93
2026-01-12T00:30:00Z,ETHUSDT,2274.52,2277.61,2265.16,2269.84,479.81
2026-01-12T00:45:00Z,BTCUSDT,40242.3,40261.38,40157.57,40176.05,715.52
2026-01-12T00:45:00Z,ETHUSDT,2269.84,2270.58,2266.8,2267.45,683.9
2026-01-12T01:00:00Z,BTCUSDT,40176.05,40306.93,40151.06,40265.02,572.26
2026-01-12T01:00:00Z,ETHUSDT,2267.45,2296.95,2255.42,2282.45,393.39
2026-01-12T01:15:00Z,BTCUSDT,40265.02,40560.55,40081.84,40459.56,340.51
2026-01-12T01:15:00Z,ETHUSDT,2282.45,2293.42,2279.18,2291.01,837.22
2026-01-12T01:30:00Z,BTCUSDT,40459.56,40522.21,40308.54,40371.75,734.72
2026-01-12T01:30:00Z,ETHUSDT,2291.01,2293.7,2273.65,2281.05,525.69
2026-01-12T01:45:00Z,BTCUSDT,40371.75,40439.53,40076.65,40214.58,620.05
2026-01-12T01:45:00Z,ETHUSDT,2281.05,2292.75,2267.91,2270.56,721.54
2026-01-12T02:00:00Z,BTCUSDT,40214.58,40385.59,39938.43,40012.44,372.81
2026-01-12T02:00:00Z,ETHUSDT,2270.56,2287.57,2246.43,2252.81,685.32
2026-01-12T02:15:00Z,BTCUSDT,40012.44,40026.07,39931.35,39964.2,328.27
2026-01-12T02:15:00Z,ETHUSDT,2252.81,2255.51,2245.77,2248.88,435.1
2026-01-12T02:30:00Z,BTCUSDT,39964.2,40005.97,39813.01,39826.09,392.58
2026-01-12T02:30:00Z,ETHUSDT,2248.88,2252.04,2237.18,2239.25,407.7
2026-01-12T02:45:00Z,BTCUSDT,39826.09,39873.36,39754.53,39820.8,523.78
2026-01-12T02:45:00Z,ETHUSDT,2239.25,2241.63,2234.44,2236.83,286.26
2026-01-12T03:00:00Z,BTCUSDT,39820.8,39974.05,39748.98,39894.0,444.84
2026-01-12T03:00:00Z,ETHUSDT,2236.83,2249.37,2232.47,2245.29,756.45
2026-01-12T03:15:00Z,BTCUSDT,39894.0,39914.25,39851.76,39871.87,205.55
2026-01-12T03:15:00Z,ETHUSDT,2245.29,2247.61,2242.4,2246.18,336.17
2026-01-12T03:30:00Z,BTCUSDT,39871.87,39895.01,39806.47,39835.96,130.47
2026-01-12T03:30:00Z,ETHUSDT,2246.18,2251.75,2232.18,2239.96,794.38
2026-01-12T03:45:00Z,BTCUSDT,39835.96,39996.46,39486.08,39633.21,717.9
2026-01-12T03:45:00Z,ETHUSDT,2239.96,2246.54,2219.3,2221.37,878.2
2026-01-12T04:00:00Z,BTCUSDT,39633.21,39783.34,39613.04,39741.85,221.71
2026-01-12T04:00:00Z,ETHUSDT,2221.37,2233.04,2217.51,2228.81,753.6
2026-01-12T04:15:00Z,BTCUSDT,39741.85,39771.73,39506.38,39557.92,513.01
2026-01-12T04:15:00Z,ETHUSDT,2228.81,2240.41,2207.61,2213.97,347.18
2026-01-12T04:30:00Z,BTCUSDT,39557.92,39986.49,39324.44,39797.46,724.71
2026-01-12T04:30:00Z,ETHUSDT,2213.97,2239.78,2209.45,2229.0,550.68
2026-01-12T04:45:00Z,BTCUSDT,39797.46,39908.73,39605.53,39639.03,790.95
2026-01-12T04:45:00Z,ETHUSDT,2229.0,2233.24,2208.64,2214.67,499.96
2026-01-12T05:00:00Z,BTCUSDT,39639.03,39715.99,39470.12,39540.38,280.11
2026-01-12T05:00:00Z,ETHUSDT,2214.67,2217.41,2196.71,2203.47,243.58
2026-01-12T05:15:00Z,BTCUSDT,39540.38,39575.91,39446.28,39527.66,357.77
2026-01-12T05:15:00Z,ETHUSDT,2203.47,2204.67,2201.81,2203.12,624.95
2026-01-12T05:30:00Z,BTCUSDT,39527.66,39679.15,39491.55,39641.07,296.21
2026-01-12T05:30:00Z,ETHUSDT,2203.12,2213.68,2200.48,2208.49,339.09
2026-01-12T05:45:00Z,BTCUSDT,39641.07,39761.35,39574.45,39727.29,356.23
2026-01-12T05:45:00Z,ETHUSDT,2208.49,2216.4,2206.8,2212.22,309.11
2026-01-12T06:00:00Z,BTCUSDT,39727.29,39829.87,39653.21,39805.88,295.38
2026-01-12T06:00:00Z,ETHUSDT,2212.22,2217.64,2209.16,2216.45,246.3
2026-01-12T06:15:00Z,BTCUSDT,39805.88,39918.46,39771.51,39871.61,721.9
2026-01-12T06:15:00Z,ETHUSDT,2216.45,2220.65,2214.57,2217.98,296.67
2026-01-12T06:30:00Z,BTCUSDT,39871.61,40100.26,39820.16,40054.52,637.42
2026-01-12T06:30:00Z,ETHUSDT,2217.98,2238.0,2206.9,2233.48,249.28
2026-01-12T06:45:00Z,BTCUSDT,40054.52,40372.81,39993.91,40278.88,345.35
2026-01-12T06:45:00Z,ETHUSDT,2233.48,2258.0,2229.59,2254.14,1051.72
2026-01-12T07:00:00Z,BTCUSDT,40278.88,40317.52,40176.35,40216.27,702.1
2026-01-12T07:00:00Z,ETHUSDT,2254.14,2265.78,2238.07,2242.74,540.62
2026-01-12T07:15:00Z,BTCUSDT,40216.27,40483.17,40177.21,40407.7,198.38
2026-01-12T07:15:00Z,ETHUSDT,2242.74,2259.42,2236.23,2256.39,233.13
2026-01-12T07:30:00Z,BTCUSDT,40407.7,40699.43,40254.91,40638.91,864.22
2026-01-12T07:30:00Z,ETHUSDT,2256.39,2283.58,2252.46,2274.84,894.91
2026-01-12T07:45:00Z,BTCUSDT,40638.91,40650.53,40622.13,40636.72,597.49
2026-01-12T07:45:00Z,ETHUSDT,2274.84,2275.92,2271.46,2273.59,304.95
2026-01-12T08:00:00Z,BTCUSDT,40636.72,40657.09,40516.63,40556.87,275.78
2026-01-12T08:00:00Z,ETHUSDT,2273.59,2276.69,2262.4,2266.34,804.31
2026-01-12T08:15:00Z,BTCUSDT,40556.87,40630.98,40519.96,40611.83,181.19
2026-01-12T08:15:00Z,ETHUSDT,2266.34,2274.93,2263.45,2271.01,628.03
2026-01-12T08:30:00Z,BTCUSDT,40611.83,40637.84,40605.03,40627.15,398.76
2026-01-12T08:30:00Z,ETHUSDT,2271.01,2277.76,2269.91,2275.72,361.18
2026-01-12T08:45:00Z,BTCUSDT,40627.15,40652.74,40497.24,40520.96,734.02
2026-01-12T08:45:00Z,ETHUSDT,2275.72,2280.59,2263.31,2269.47,626.02
2026-01-12T09:00:00Z,BTCUSDT,40520.96,40748.65,40439.75,40677.18,541.82
2026-01-12T09:00:00Z,ETHUSDT,2269.47,2277.59,2266.79,2276.45,154.56
2026-01-12T09:15:00Z,BTCUSDT,40677.18,40724.67,40641.82,40688.39,344.21
2026-01-12T09:15:00Z,ETHUSDT,2276.45,2283.03,2272.98,2280.29,713.7
2026-01-12T09:30:00Z,BTCUSDT,40688.39,40790.34,40443.0,40502.65,850.17
2026-01-12T09:30:00Z,ETHUSDT,2280.29,2287.68,2262.59,2265.53,578.04
2026-01-12T09:45:00Z,BTCUSDT,40502.65,40591.85,40452.25,40562.44,573.23
2026-01-12T09:45:00Z,ETHUSDT,2265.53,2270.73,2263.62,2269.3,488.5
2026-01-12T10:00:00Z,BTCUSDT,40562.44,40630.5,40492.41,40511.85,709.19
2026-01-12T10:00:00Z,ETHUSDT,2269.3,2269.95,2268.59,2269.44,323.52
2026-01-12T10:15:00Z,BTCUSDT,40511.85,40730.78,40406.45,40644.96,444.61
2026-01-12T10:15:00Z,ETHUSDT,2269.44,2289.34,2253.02,2285.1,417.57
2026-01-12T10:30:00Z,BTCUSDT,40644.96,40673.66,40552.91,40602.3,543.96
2026-01-12T10:30:00Z,ETHUSDT,2285.1,2285.99,2279.14,2280.87,299.63
2026-01-12T10:45:00Z,BTCUSDT,40602.3,41006.3,40311.6,40842.82,639.84
2026-01-12T10:45:00Z,ETHUSDT,2280.87,2300.24,2269.48,2297.26,731.64
2026-01-12T11:00:00Z,BTCUSDT,40842.82,40907.06,40655.38,40703.64,647.48
2026-01-12T11:00:00Z,ETHUSDT,2297.26,2300.7,2284.85,2288.21,306.71
2026-01-12T11:15:00Z,BTCUSDT,40703.64,40840.02,40678.66,40800.46,752.59
2026-01-12T11:15:00Z,ETHUSDT,2288.21,2299.41,2284.27,2296.27,357.36
2026-01-12T11:30:00Z,BTCUSDT,40800.46,40871.51,40773.75,40841.72,672.37
2026-01-12T11:30:00Z,ETHUSDT,2296.27,2299.31,2293.75,2297.91,293.9
2026-01-12T11:45:00Z,BTCUSDT,40841.72,41063.72,40669.77,40966.58,584.56
2026-01-12T11:45:00Z,ETHUSDT,2297.91,2320.08,2295.52,2310.16,573.62
2026-01-12T12:00:00Z,BTCUSDT,40966.58,41012.17,40952.25,41003.63,555.05
2026-01-12T12:00:00Z,ETHUSDT,2310.16,2310.84,2307.07,2308.19,370.87
2026-01-12T12:15:00Z,BTCUSDT,41003.63,41111.45,40948.38,41062.26,369.74
2026-01-12T12:15:00Z,ETHUSDT,2308.19,2318.69,2302.82,2316.22,693.84
2026-01-12T12:30:00Z,BTCUSDT,41062.26,41182.68,41022.01,41156.58,614.13
2026-01-12T12:30:00Z,ETHUSDT,2316.22,2325.0,2314.83,2322.99,703.89
2026-01-12T12:45:00Z,BTCUSDT,41156.58,41173.99,41047.88,41076.69,543.12
2026-01-12T12:45:00Z,ETHUSDT,2322.99,2329.82,2310.39,2314.86,664.79
2026-01-12T13:00:00Z,BTCUSDT,41076.69,41339.65,41043.4,41288.91,750.05
2026-01-12T13:00:00Z,ETHUSDT,2314.86,2332.5,2309.29,2330.56,741.62
2026-01-12T13:15:00Z,BTCUSDT,41288.91,41404.86,41272.29,41373.57,412.61
2026-01-12T13:15:00Z,ETHUSDT,2330.56,2333.24,2329.97,2332.9,201.87
2026-01-12T13:30:00Z,BTCUSDT,41373.57,41424.18,41243.4,41284.99,572.76
2026-01-12T13:30:00Z,ETHUSDT,2332.9,2338.02,2322.1,2324.68,767.37
2026-01-12T13:45:00Z,BTCUSDT,41284.99,41401.98,41210.72,41360.61,400.08
2026-01-12T13:45:00Z,ETHUSDT,2324.68,2341.65,2316.01,2333.59,754.77
2026-01-12T14:00:00Z,BTCUSDT,41360.61,41399.2,41133.49,41184.32,427.76
2026-01-12T14:00:00Z,ETHUSDT,2333.59,2341.45,2313.89,2321.02,783.94
2026-01-12T14:15:00Z,BTCUSDT,41184.32,41310.18,41109.5,41281.88,680.67
2026-01-12T14:15:00Z,ETHUSDT,2321.02,2330.31,2318.59,2328.74,178.51
2026-01-12T14:30:00Z,BTCUSDT,41281.88,41433.44,41251.3,41389.08,632.13
2026-01-12T14:30:00Z,ETHUSDT,2328.74,2338.54,2327.35,2333.35,488.49
2026-01-12T14:45:00Z,BTCUSDT,41389.08,41448.77,41352.39,41421.43,165.33
2026-01-12T14:45:00Z,ETHUSDT,2333.35,2339.61,2330.43,2336.26,582.13
2026-01-12T15:00:00Z,BTCUSDT,41421.43,41474.57,41393.64,41419.15,522.35
2026-01-12T15:00:00Z,ETHUSDT,2336.26,2345.04,2333.11,2340.8,560.84
2026-01-12T15:15:00Z,BTCUSDT,41419.15,41433.62,41384.74,41399.74,550.54
2026-01-12T15:15:00Z,ETHUSDT,2340.8,2341.66,2338.93,2340.13,582.72
2026-01-12T15:30:00Z,BTCUSDT,41399.74,41443.28,41283.3,41312.27,701.23
2026-01-12T15:30:00Z,ETHUSDT,2340.13,2342.22,2337.08,2338.66,476.64
2026-01-12T15:45:00Z,BTCUSDT,41312.27,41377.93,41081.16,41116.09,243.22
2026-01-12T15:45:00Z,ETHUSDT,2338.66,2340.54,2317.03,2325.3,715.82
2026-01-12T16:00:00Z,BTCUSDT,41116.09,41600.33,41056.65,41401.8,1002.71
2026-01-12T16:00:00Z,ETHUSDT,2325.3,2359.81,2317.73,2347.65,349.54
2026-01-12T16:15:00Z,BTCUSDT,41401.8,41435.65,41321.22,41356.97,345.06
2026-01-12T16:15:00Z,ETHUSDT,2347.65,2352.79,2344.78,2349.83,684.3
2026-01-12T16:30:00Z,BTCUSDT,41356.97,41422.63,41023.71,41169.27,542.36
2026-01-12T16:30:00Z,ETHUSDT,2349.83,2359.96,2331.38,2335.93,948.52
2026-01-12T16:45:00Z,BTCUSDT,41169.27,41189.95,41117.54,41160.75,207.67
2026-01-12T16:45:00Z,ETHUSDT,2335.93,2339.67,2332.73,2335.19,564.86
2026-01-12T17:00:00Z,BTCUSDT,41160.75,41205.5,41109.61,41187.86,612.21
2026-01-12T17:00:00Z,ETHUSDT,2335.19,2344.66,2331.24,2340.68,387.28
2026-01-12T17:15:00Z,BTCUSDT,41187.86,41311.83,41141.66,41267.39,401.96
2026-01-12T17:15:00Z,ETHUSDT,2340.68,2345.65,2339.22,2344.04,346.57
2026-01-12T17:30:00Z,BTCUSDT,41267.39,41296.81,41210.92,41224.53,583.4
2026-01-12T17:30:00Z,ETHUSDT,2344.04,2346.36,2338.29,2341.6,385.89
2026-01-12T17:45:00Z,BTCUSDT,41224.53,41621.27,41088.11,41440.26,558.57
2026-01-12T17:45:00Z,ETHUSDT,2341.6,2377.85,2326.36,2363.55,986.33
2026-01-12T18:00:00Z,BTCUSDT,41440.26,41534.91,41403.78,41496.17,591.57
2026-01-12T18:00:00Z,ETHUSDT,2363.55,2368.01,2359.47,2363.82,545.77
2026-01-12T18:15:00Z,BTCUSDT,41496.17,41764.42,41390.87,41661.11,559.36
2026-01-12T18:15:00Z,ETHUSDT,2363.82,2382.48,2354.99,2375.91,888.35
2026-01-12T18:30:00Z,BTCUSDT,41661.11,41675.19,41607.97,41632.73,431.46
2026-01-12T18:30:00Z,ETHUSDT,2375.91,2379.25,2369.33,2372.87,316.27
2026-01-12T18:45:00Z,BTCUSDT,41632.73,41724.52,41592.82,41682.16,452.54
2026-01-12T18:45:00Z,ETHUSDT,2372.87,2379.34,2371.14,2378.17,678.51
2026-01-12T19:00:00Z,BTCUSDT,41682.16,41941.69,41562.59,41860.34,770.19
2026-01-12T19:00:00Z,ETHUSDT,2378.17,2397.29,2372.84,2389.61,246.28
2026-01-12T19:15:00Z,BTCUSDT,41860.34,41899.8,41774.0,41832.26,401.68
2026-01-12T19:15:00Z,ETHUSDT,2389.61,2392.61,2384.64,2386.46,667.17
2026-01-12T19:30:00Z,BTCUSDT,41832.26,41849.95,41652.3,41703.52,276.9
2026-01-12T19:30:00Z,ETHUSDT,2386.46,2394.72,2368.95,2376.08,543.99
2026-01-12T19:45:00Z,BTCUSDT,41703.52,41731.7,41631.64,41657.89,577.37
2026-01-12T19:45:00Z,ETHUSDT,2376.08,2382.24,2363.11,2370.37,566.0
2026-01-12T20:00:00Z,BTCUSDT,41657.89,41850.59,41379.33,41448.91,198.57
2026-01-12T20:00:00Z,ETHUSDT,2370.37,2377.91,2333.99,2352.51,763.34
2026-01-12T20:15:00Z,BTCUSDT,41448.91,41497.68,41311.4,41369.42,298.97
2026-01-12T20:15:00Z,ETHUSDT,2352.51,2353.04,2348.87,2350.54,343.6
2026-01-12T20:30:00Z,BTCUSDT,41369.42,41445.49,41337.15,41370.98,600.54
2026-01-12T20:30:00Z,ETHUSDT,2350.54,2352.86,2345.95,2347.42,365.77
2026-01-12T20:45:00Z,BTCUSDT,41370.98,41477.8,41325.69,41437.2,225.89
2026-01-12T20:45:00Z,ETHUSDT,2347.42,2350.36,2346.69,2348.99,290.74
2026-01-12T21:00:00Z,BTCUSDT,41437.2,41515.0,41404.83,41503.21,154.14
2026-01-12T21:00:00Z,ETHUSDT,2348.99,2354.31,2347.27,2353.66,190.29
2026-01-12T21:15:00Z,BTCUSDT,41503.21,41580.26,41387.12,41426.92,367.49
2026-01-12T21:15:00Z,ETHUSDT,2353.66,2355.13,2345.05,2347.37,731.15
2026-01-12T21:30:00Z,BTCUSDT,41426.92,41449.99,41263.65,41322.31,672.08
2026-01-12T21:30:00Z,ETHUSDT,2347.37,2350.98,2328.04,2337.69,826.22
2026-01-12T21:45:00Z,BTCUSDT,41322.31,41330.38,41283.21,41302.76,470.69
2026-01-12T21:45:00Z,ETHUSDT,2337.69,2340.09,2335.69,2337.7,325.27
2026-01-12T22:00:00Z,BTCUSDT,41302.76,41538.66,41230.93,41469.2,674.22
2026-01-12T22:00:00Z,ETHUSDT,2337.7,2355.33,2327.77,2351.95,474.93
2026-01-12T22:15:00Z,BTCUSDT,41469.2,41743.7,41322.81,41638.43,393.12
2026-01-12T22:15:00Z,ETHUSDT,2351.95,2376.81,2339.61,2368.22,368.95
2026-01-12T22:30:00Z,BTCUSDT,41638.43,41950.67,41568.87,41895.58,689.37
2026-01-12T22:30:00Z,ETHUSDT,2368.22,2386.81,2363.32,2382.03,749.32
2026-01-12T22:45:00Z,BTCUSDT,41895.58,41982.73,41642.46,41740.66,511.86
2026-01-12T22:45:00Z,ETHUSDT,2382.03,2389.72,2359.71,2372.45,794.97
2026-01-12T23:00:00Z,BTCUSDT,41740.66,41853.84,41697.42,41820.68,165.54
2026-01-12T23:00:00Z,ETHUSDT,2372.45,2384.61,2371.31,2379.07,792.38
2026-01-12T23:15:00Z,BTCUSDT,41820.68,41863.84,41652.28,41723.05,209.98
2026-01-12T23:15:00Z,ETHUSDT,2379.07,2383.68,2366.65,2371.62,766.6
2026-01-12T23:30:00Z,BTCUSDT,41723.05,41842.37,41653.43,41815.29,701.14
2026-01-12T23:30:00Z,ETHUSDT,2371.62,2382.99,2365.27,2381.26,567.5
2026-01-12T23:45:00Z,BTCUSDT,41815.29,41867.54,41667.02,41729.73,465.82
2026-01-12T23:45:00Z,ETHUSDT,2381.26,2383.96,2375.47,2376.99,238.1
2026-01-13T00:00:00Z,BTCUSDT,41729.73,41765.75,41647.82,41673.29,262.34
2026-01-13T00:00:00Z,ETHUSDT,2376.99,2379.08,2372.8,2375.21,481.82
2026-01-13T00:15:00Z,BTCUSDT,41673.29,41771.88,41464.46,41530.66,228.96
2026-01-13T00:15:00Z,ETHUSDT,2375.21,2378.27,2361.78,2367.99,735.25
2026-01-13T00:30:00Z,BTCUSDT,41530.66,41601.01,41477.31,41516.76,623.9
2026-01-13T00:30:00Z,ETHUSDT,2367.99,2368.51,2367.07,2368.01,258.43
2026-01-13T00:45:00Z,BTCUSDT,41516.76,41659.2,41505.34,41635.77,187.87
2026-01-13T00:45:00Z,ETHUSDT,2368.01,2379.35,2364.38,2377.14,717.61
2026-01-13T01:00:00Z,BTCUSDT,41635.77,41705.6,41547.37,41587.16,606.79
2026-01-13T01:00:00Z,ETHUSDT,2377.14,2379.38,2369.4,2371.88,721.46
2026-01-13T01:15:00Z,BTCUSDT,41587.16,41737.09,41555.48,41716.84,441.69
2026-01-13T01:15:00Z,ETHUSDT,2371.88,2384.06,2367.87,2379.03,747.72
2026-01-13T01:30:00Z,BTCUSDT,41716.84,41766.53,41663.99,41689.92,159.85
2026-01-13T01:30:00Z,ETHUSDT,2379.03,2381.43,2370.67,2374.71,179.61
2026-01-13T01:45:00Z,BTCUSDT,41689.92,41700.16,41634.24,41662.26,274.19
2026-01-13T01:45:00Z,ETHUSDT,2374.71,2375.99,2373.53,2375.52,261.58
2026-01-13T02:00:00Z,BTCUSDT,41662.26,41871.51,41397.05,41462.31,777.21
2026-01-13T02:00:00Z,ETHUSDT,2375.52,2386.88,2354.51,2359.6,701.99
2026-01-13T02:15:00Z,BTCUSDT,41462.31,41479.65,41402.92,41443.63,350.84
2026-01-13T02:15:00Z,ETHUSDT,2359.6,2365.41,2345.49,2350.23,780.31
2026-01-13T02:30:00Z,BTCUSDT,41443.63,41451.09,41427.86,41434.1,222.56
2026-01-13T02:30:00Z,ETHUSDT,2350.23,2353.45,2343.98,2346.69,367.8
2026-01-13T02:45:00Z,BTCUSDT,41434.1,41502.6,41421.17,41495.23,400.26
2026-01-13T02:45:00Z,ETHUSDT,2346.69,2352.05,2345.16,2349.69,303.25
2026-01-13T03:00:00Z,BTCUSDT,41495.23,41550.42,41443.44,41504.26,520.77
2026-01-13T03:00:00Z,ETHUSDT,2349.69,2359.26,2342.93,2355.35,533.92
2026-01-13T03:15:00Z,BTCUSDT,41504.26,41542.99,41486.72,41524.23,318.89
2026-01-13T03:15:00Z,ETHUSDT,2355.35,2357.92,2353.68,2354.71,457.37
2026-01-13T03:30:00Z,BTCUSDT,41524.23,41701.49,41500.94,41661.66,566.64
2026-01-13T03:30:00Z,ETHUSDT,2354.71,2370.38,2348.59,2362.41,398.68
2026-01-13T03:45:00Z,BTCUSDT,41661.66,41783.83,41174.04,41394.7,821.63
2026-01-13T03:45:00Z,ETHUSDT,2362.41,2374.31,2337.71,2344.4,974.67
2026-01-13T04:00:00Z,BTCUSDT,41394.7,41411.54,41347.34,41360.88,567.89
2026-01-13T04:00:00Z,ETHUSDT,2344.4,2345.97,2336.87,2340.55,372.31
2026-01-13T04:15:00Z,BTCUSDT,41360.88,41425.59,41243.51,41276.0,703.33
2026-01-13T04:15:00Z,ETHUSDT,2340.55,2352.42,2320.98,2329.95,193.23
2026-01-13T04:30:00Z,BTCUSDT,41276.0,41355.63,41046.89,41117.58,460.32
2026-01-13T04:30:00Z,ETHUSDT,2329.95,2331.73,2311.8,2317.79,176.91
2026-01-13T04:45:00Z,BTCUSDT,41117.58,41188.63,40986.26,41024.13,422.98
2026-01-13T04:45:00Z,ETHUSDT,2317.79,2322.55,2308.01,2312.34,734.04
2026-01-13T05:00:00Z,BTCUSDT,41024.13,41086.21,40973.98,41069.36,136.66
2026-01-13T05:00:00Z,ETHUSDT,2312.34,2315.81,2309.8,2312.97,294.09
2026-01-13T05:15:00Z,BTCUSDT,41069.36,41166.71,40904.42,40956.4,614.85
2026-01-13T05:15:00Z,ETHUSDT,2312.97,2315.83,2295.05,2305.1,739.1
2026-01-13T05:30:00Z,BTCUSDT,40956.4,41088.27,40894.61,41038.63,509.71
2026-01-13T05:30:00Z,ETHUSDT,2305.1,2312.4,2302.71,2310.47,635.69
2026-01-13T05:45:00Z,BTCUSDT,41038.63,41081.1,40896.66,40936.96,404.52
2026-01-13T05:45:00Z,ETHUSDT,2310.47,2319.07,2297.61,2302.1,630.62
2026-01-13T06:00:00Z,BTCUSDT,40936.96,41040.61,40783.87,40826.79,301.33
2026-01-13T06:00:00Z,ETHUSDT,2302.1,2304.37,2288.95,2292.74,450.96
2026-01-13T06:15:00Z,BTCUSDT,40826.79,40879.85,40627.01,40692.26,210.42
2026-01-13T06:15:00Z,ETHUSDT,2292.74,2293.9,2280.95,2283.68,780.57
2026-01-13T06:30:00Z,BTCUSDT,40692.26,41058.63,40534.27,40962.36,983.03
2026-01-13T06:30:00Z,ETHUSDT,2283.68,2310.66,2274.46,2301.04,707.94
2026-01-13T06:45:00Z,BTCUSDT,40962.36,41060.14,40923.39,41005.1,432.27
2026-01-13T06:45:00Z,ETHUSDT,2301.04,2308.46,2299.23,2305.74,490.14
2026-01-13T07:00:00Z,BTCUSDT,41005.1,41092.56,40985.77,41063.38,625.59
2026-01-13T07:00:00Z,ETHUSDT,2305.74,2307.52,2302.7,2305.9,146.35
2026-01-13T07:15:00Z,BTCUSDT,41063.38,41140.09,40993.72,41109.16,328.66
2026-01-13T07:15:00Z,ETHUSDT,2305.9,2311.06,2304.08,2308.58,217.65
2026-01-13T07:30:00Z,BTCUSDT,41109.16,41124.21,41011.85,41030.89,249.18
2026-01-13T07:30:00Z,ETHUSDT,2308.58,2313.81,2298.55,2300.3,805.41
2026-01-13T07:45:00Z,BTCUSDT,41030.89,41549.81,40741.77,41288.92,551.79
2026-01-13T07:45:00Z,ETHUSDT,2300.3,2329.17,2293.71,2321.78,641.92
2026-01-13T08:00:00Z,BTCUSDT,41288.92,41437.07,41266.93,41410.52,441.05
2026-01-13T08:00:00Z,ETHUSDT,2321.78,2334.79,2317.74,2330.74,655.47
2026-01-13T08:15:00Z,BTCUSDT,41410.52,41576.6,41324.32,41538.84,428.66
2026-01-13T08:15:00Z,ETHUSDT,2330.74,2336.9,2329.58,2335.87,352.07
2026-01-13T08:30:00Z,BTCUSDT,41538.84,41568.99,41338.27,41353.86,280.89
2026-01-13T08:30:00Z,ETHUSDT,2335.87,2359.02,2294.26,2317.38,929.35
2026-01-13T08:45:00Z,BTCUSDT,41353.86,41537.76,41322.66,41494.04,467.61
2026-01-13T08:45:00Z,ETHUSDT,2317.38,2332.09,2314.69,2325.56,353.87
2026-01-13T09:00:00Z,BTCUSDT,41494.04,41585.82,41452.53,41521.77,129.24
2026-01-13T09:00:00Z,ETHUSDT,2325.56,2327.59,2323.75,2326.92,510.68
2026-01-13T09:15:00Z,BTCUSDT,41521.77,41539.5,41473.3,41493.16,398.37
2026-01-13T09:15:00Z,ETHUSDT,2326.92,2329.01,2316.45,2320.79,775.11
2026-01-13T09:30:00Z,BTCUSDT,41493.16,41627.7,41235.95,41334.14,185.88
2026-01-13T09:30:00Z,ETHUSDT,2320.79,2330.26,2300.15,2310.7,179.53
2026-01-13T09:45:00Z,BTCUSDT,41334.14,41393.25,41306.28,41380.28,157.36
2026-01-13T09:45:00Z,ETHUSDT,2310.7,2321.3,2308.97,2317.9,708.01
2026-01-13T10:00:00Z,BTCUSDT,41380.28,41409.58,41287.03,41301.78,538.61
2026-01-13T10:00:00Z,ETHUSDT,2317.9,2322.84,2300.88,2308.77,244.41
2026-01-13T10:15:00Z,BTCUSDT,41301.78,41559.15,41243.14,41490.42,331.14
2026-01-13T10:15:00Z,ETHUSDT,2308.77,2326.53,2300.94,2320.37,506.46
2026-01-13T10:30:00Z,BTCUSDT,41490.42,41553.45,41293.85,41346.87,643.34
2026-01-13T10:30:00Z,ETHUSDT,2320.37,2329.53,2303.4,2307.83,370.57
2026-01-13T10:45:00Z,BTCUSDT,41346.87,41514.95,41327.54,41454.04,528.55
2026-01-13T10:45:00Z,ETHUSDT,2307.83,2320.49,2304.41,2316.65,371.74
2026-01-13T11:00:00Z,BTCUSDT,41454.04,41496.33,41261.3,41296.13,175.57
2026-01-13T11:00:00Z,ETHUSDT,2316.65,2324.78,2288.82,2300.78,586.18
2026-01-13T11:15:00Z,BTCUSDT,41296.13,41852.09,41167.32,41642.16,693.54
2026-01-13T11:15:00Z,ETHUSDT,2300.78,2337.63,2290.08,2325.94,558.11
2026-01-13T11:30:00Z,BTCUSDT,41642.16,41714.93,41595.03,41621.86,453.38
2026-01-13T11:30:00Z,ETHUSDT,2325.94,2329.66,2323.18,2326.82,380.84
2026-01-13T11:45:00Z,BTCUSDT,41621.86,41684.19,41325.56,41353.78,298.69
2026-01-13T11:45:00Z,ETHUSDT,2326.82,2333.16,2302.41,2311.18,845.44
2026-01-13T12:00:00Z,BTCUSDT,41353.78,41443.47,41116.94,41175.91,491.4
2026-01-13T12:00:00Z,ETHUSDT,2311.18,2313.58,2294.14,2298.53,503.54
2026-01-13T12:15:00Z,BTCUSDT,41175.91,41237.92,41035.69,41086.23,569.17
2026-01-13T12:15:00Z,ETHUSDT,2298.53,2299.4,2291.63,2293.52,167.43
2026-01-13T12:30:00Z,BTCUSDT,41086.23,41310.56,41046.51,41208.53,539.12
2026-01-13T12:30:00Z,ETHUSDT,2293.52,2307.55,2289.33,2302.63,332.29
2026-01-13T12:45:00Z,BTCUSDT,41208.53,41273.9,41092.33,41138.5,286.91
2026-01-13T12:45:00Z,ETHUSDT,2302.63,2304.6,2300.44,2303.03,294.0
2026-01-13T13:00:00Z,BTCUSDT,41138.5,41437.45,41033.6,41321.51,331.85
2026-01-13T13:00:00Z,ETHUSDT,2303.03,2327.03,2293.12,2315.5,746.7
2026-01-13T13:15:00Z,BTCUSDT,41321.51,41576.71,41220.38,41495.67,341.6
2026-01-13T13:15:00Z,ETHUSDT,2315.5,2341.75,2307.38,2333.82,788.05
2026-01-13T13:30:00Z,BTCUSDT,41495.67,41607.14,41453.86,41562.02,721.77
2026-01-13T13:30:00Z,ETHUSDT,2333.82,2336.89,2330.89,2334.87,628.46
2026-01-13T13:45:00Z,BTCUSDT,41562.02,41613.04,41529.05,41583.89,277.08
2026-01-13T13:45:00Z,ETHUSDT,2334.87,2339.45,2334.07,2337.82,189.42
2026-01-13T14:00:00Z,BTCUSDT,41583.89,41721.28,41531.47,41665.02,193.24
2026-01-13T14:00:00Z,ETHUSDT,2337.82,2343.38,2335.98,2341.04,551.91
2026-01-13T14:15:00Z,BTCUSDT,41665.02,41747.46,41586.67,41700.96,428.04
2026-01-13T14:15:00Z,ETHUSDT,2341.04,2345.57,2339.41,2344.62,561.48
2026-01-13T14:30:00Z,BTCUSDT,41700.96,41728.23,41616.09,41636.45,308.94
2026-01-13T14:30:00Z,ETHUSDT,2344.62,2347.41,2340.08,2341.08,602.56
2026-01-13T14:45:00Z,BTCUSDT,41636.45,41717.29,41606.92,41699.96,576.04
2026-01-13T14:45:00Z,ETHUSDT,2341.08,2349.8,2337.26,2348.64,707.03
2026-01-13T15:00:00Z,BTCUSDT,41699.96,41743.06,41680.16,41716.06,380.44
2026-01-13T15:00:00Z,ETHUSDT,2348.64,2354.45,2346.12,2350.69,588.77
2026-01-13T15:15:00Z,BTCUSDT,41716.06,41757.97,41496.4,41554.72,421.86
2026-01-13T15:15:00Z,ETHUSDT,2350.69,2360.26,2332.97,2339.25,274.75
2026-01-13T15:30:00Z,BTCUSDT,41554.72,41617.73,41303.18,41365.94,350.18
2026-01-13T15:30:00Z,ETHUSDT,2339.25,2340.02,2333.77,2334.62,511.15
2026-01-13T15:45:00Z,BTCUSDT,41365.94,41444.86,41017.04,41188.41,236.81
2026-01-13T15:45:00Z,ETHUSDT,2334.62,2337.41,2327.18,2328.58,693.42
2026-01-13T16:00:00Z,BTCUSDT,41188.41,41205.27,41171.85,41188.04,317.75
2026-01-13T16:00:00Z,ETHUSDT,2328.58,2339.09,2324.98,2335.67,724.14
2026-01-13T16:15:00Z,BTCUSDT,41188.04,41252.52,41154.38,41235.32,525.69
2026-01-13T16:15:00Z,ETHUSDT,2335.67,2343.52,2332.32,2341.84,684.92
2026-01-13T16:30:00Z,BTCUSDT,41235.32,41270.45,41135.9,41183.42,473.5
2026-01-13T16:30:00Z,ETHUSDT,2341.84,2348.95,2330.44,2336.51,256.25
2026-01-13T16:45:00Z,BTCUSDT,41183.42,41749.16,40924.39,41440.82,626.71
2026-01-13T16:45:00Z,ETHUSDT,2336.51,2356.83,2334.7,2353.93,229.39
2026-01-13T17:00:00Z,BTCUSDT,41440.82,41501.72,41411.17,41470.13,535.79
2026-01-13T17:00:00Z,ETHUSDT,2353.93,2360.65,2352.03,2357.04,509.01
2026-01-13T17:15:00Z,BTCUSDT,41470.13,41580.96,41439.94,41541.72,513.51
2026-01-13T17:15:00Z,ETHUSDT,2357.04,2369.9,2352.18,2363.31,700.54
2026-01-13T17:30:00Z,BTCUSDT,41541.72,41588.34,41440.95,41455.71,527.21
2026-01-13T17:30:00Z,ETHUSDT,2363.31,2364.81,2353.25,2355.2,522.91
2026-01-13T17:45:00Z,BTCUSDT,41455.71,41474.51,41270.71,41329.19,726.06
2026-01-13T17:45:00Z,ETHUSDT,2355.2,2358.1,2337.48,2345.63,212.35
2026-01-13T18:00:00Z,BTCUSDT,41329.19,41480.98,41054.64,41147.77,578.04
2026-01-13T18:00:00Z,ETHUSDT,2345.63,2347.9,2323.91,2333.36,633.42
2026-01-13T18:15:00Z,BTCUSDT,41147.77,41605.54,41024.41,41354.4,238.63
2026-01-13T18:15:00Z,ETHUSDT,2333.36,2360.95,2327.48,2352.76,928.9
2026-01-13T18:30:00Z,BTCUSDT,41354.4,41426.06,41061.45,41133.67,204.88
2026-01-13T18:30:00Z,ETHUSDT,2352.76,2367.12,2317.64,2335.56,785.81
2026-01-13T18:45:00Z,BTCUSDT,41133.67,41159.0,41099.26,41110.81,294.03
2026-01-13T18:45:00Z,ETHUSDT,2335.56,2336.8,2332.64,2334.76,401.11
2026-01-13T19:00:00Z,BTCUSDT,41110.81,41194.5,41059.41,41179.22,384.03
2026-01-13T19:00:00Z,ETHUSDT,2334.76,2339.69,2332.51,2338.23,332.35
2026-01-13T19:15:00Z,BTCUSDT,41179.22,41224.23,40930.82,41042.69,827.05
2026-01-13T19:15:00Z,ETHUSDT,2338.23,2339.58,2320.63,2324.99,207.46
2026-01-13T19:30:00Z,BTCUSDT,41042.69,41141.88,41010.03,41133.04,604.0
2026-01-13T19:30:00Z,ETHUSDT,2324.99,2330.89,2321.68,2327.47,679.97
2026-01-13T19:45:00Z,BTCUSDT,41133.04,41145.54,41064.83,41102.06,651.18
2026-01-13T19:45:00Z,ETHUSDT,2327.47,2330.04,2318.67,2322.37,445.08
2026-01-13T20:00:00Z,BTCUSDT,41102.06,41167.78,41050.94,41114.2,226.4
2026-01-13T20:00:00Z,ETHUSDT,2322.37,2323.61,2321.31,2323.21,173.02
2026-01-13T20:15:00Z,BTCUSDT,41114.2,41173.72,41101.19,41157.87,554.83
2026-01-13T20:15:00Z,ETHUSDT,2323.21,2331.76,2321.99,2328.56,483.11
2026-01-13T20:30:00Z,BTCUSDT,41157.87,41195.57,41116.43,41142.64,133.51
2026-01-13T20:30:00Z,ETHUSDT,2328.56,2337.25,2325.91,2332.87,630.37
2026-01-13T20:45:00Z,BTCUSDT,41142.64,41206.84,41094.04,41111.91,132.46
2026-01-13T20:45:00Z,ETHUSDT,2332.87,2336.64,2319.43,2324.27,364.08
2026-01-13T21:00:00Z,BTCUSDT,41111.91,41255.55,40798.82,40864.77,864.13
2026-01-13T21:00:00Z,ETHUSDT,2324.27,2349.98,2286.19,2301.11,894.73
2026-01-13T21:15:00Z,BTCUSDT,40864.77,40909.58,40618.85,40711.48,787.01
2026-01-13T21:15:00Z,ETHUSDT,2301.11,2311.34,2284.21,2290.21,312.8
2026-01-13T21:30:00Z,BTCUSDT,40711.48,40782.15,40692.87,40762.96,137.17
2026-01-13T21:30:00Z,ETHUSDT,2290.21,2298.82,2286.81,2295.32,767.46
2026-01-13T21:45:00Z,BTCUSDT,40762.96,40829.83,40555.72,40641.43,330.79
2026-01-13T21:45:00Z,ETHUSDT,2295.32,2298.34,2283.48,2286.56,232.38
2026-01-13T22:00:00Z,BTCUSDT,40641.43,40759.99,40622.89,40744.1,252.48
2026-01-13T22:00:00Z,ETHUSDT,2286.56,2305.09,2276.08,2297.12,370.33
2026-01-13T22:15:00Z,BTCUSDT,40744.1,40876.14,40688.81,40804.78,565.08
2026-01-13T22:15:00Z,ETHUSDT,2297.12,2303.26,2294.69,2300.31,231.54
2026-01-13T22:30:00Z,BTCUSDT,40804.78,41039.96,40720.5,40933.99,267.26
2026-01-13T22:30:00Z,ETHUSDT,2300.31,2304.04,2297.96,2302.86,643.73
2026-01-13T22:45:00Z,BTCUSDT,40933.99,41178.63,40873.77,41083.33,824.44
2026-01-13T22:45:00Z,ETHUSDT,2302.86,2319.17,2300.26,2317.32,420.06
2026-01-13T23:00:00Z,BTCUSDT,41083.33,41159.56,40836.37,40912.62,370.28
2026-01-13T23:00:00Z,ETHUSDT,2317.32,2322.9,2307.1,2308.54,205.68
2026-01-13T23:15:00Z,BTCUSDT,40912.62,41059.43,40526.1,40691.65,519.97
2026-01-13T23:15:00Z,ETHUSDT,2308.54,2316.0,2282.9,2291.37,729.44
2026-01-13T23:30:00Z,BTCUSDT,40691.65,40726.2,40595.47,40631.03,219.54
2026-01-13T23:30:00Z,ETHUSDT,2291.37,2294.42,2285.48,2289.66,676.99
2026-01-13T23:45:00Z,BTCUSDT,40631.03,40653.59,40620.83,40630.56,522.33
2026-01-13T23:45:00Z,ETHUSDT,2289.66,2292.71,2286.1,2291.31,155.79
2026-01-14T00:00:00Z,BTCUSDT,40630.56,40657.37,40455.14,40497.49,181.64
2026-01-14T00:00:00Z,ETHUSDT,2291.31,2298.16,2281.4,2283.35,696.37
2026-01-14T00:15:00Z,BTCUSDT,40497.49,40717.49,40389.36,40639.55,803.25
2026-01-14T00:15:00Z,ETHUSDT,2283.35,2301.11,2280.82,2295.01,731.55
2026-01-14T00:30:00Z,BTCUSDT,40639.55,40661.87,40575.88,40642.32,552.71
2026-01-14T00:30:00Z,ETHUSDT,2295.01,2304.83,2292.83,2301.28,185.7
2026-01-14T00:45:00Z,BTCUSDT,40642.32,40682.31,40456.68,40534.38,768.53
2026-01-14T00:45:00Z,ETHUSDT,2301.28,2307.72,2286.7,2292.12,411.03
2026-01-14T01:00:00Z,BTCUSDT,40534.38,40607.07,40519.68,40596.49,138.89
2026-01-14T01:00:00Z,ETHUSDT,2292.12,2299.76,2289.87,2296.75,396.25
2026-01-14T01:15:00Z,BTCUSDT,40596.49,40663.71,40569.51,40635.41,659.29
2026-01-14T01:15:00Z,ETHUSDT,2296.75,2300.84,2293.98,2299.3,296.92
2026-01-14T01:30:00Z,BTCUSDT,40635.41,40953.53,40478.69,40811.38,724.66
2026-01-14T01:30:00Z,ETHUSDT,2299.3,2324.46,2296.89,2314.27,333.0
2026-01-14T01:45:00Z,BTCUSDT,40811.38,41303.11,40683.47,41069.65,464.05
2026-01-14T01:45:00Z,ETHUSDT,2314.27,2341.26,2309.47,2331.15,988.95
2026-01-14T02:00:00Z,BTCUSDT,41069.65,41093.25,40853.34,40964.81,360.76
2026-01-14T02:00:00Z,ETHUSDT,2331.15,2334.48,2320.9,2324.98,382.32
2026-01-14T02:15:00Z,BTCUSDT,40964.81,41018.95,40951.03,40968.92,512.14
2026-01-14T02:15:00Z,ETHUSDT,2324.98,2327.43,2322.97,2323.55,634.2
2026-01-14T02:30:00Z,BTCUSDT,40968.92,41001.4,40880.35,40920.62,666.27
2026-01-14T02:30:00Z,ETHUSDT,2323.55,2327.08,2317.35,2321.79,383.29
2026-01-14T02:45:00Z,BTCUSDT,40920.62,41080.27,40883.28,41037.62,653.94
2026-01-14T02:45:00Z,ETHUSDT,2321.79,2328.59,2320.52,2326.52,165.34
2026-01-14T03:00:00Z,BTCUSDT,41037.62,41099.47,41011.82,41074.99,631.93
2026-01-14T03:00:00Z,ETHUSDT,2326.52,2329.83,2324.81,2329.34,629.12
2026-01-14T03:15:00Z,BTCUSDT,41074.99,41101.37,40936.49,41019.97,694.99
2026-01-14T03:15:00Z,ETHUSDT,2329.34,2332.46,2320.94,2324.63,401.6
2026-01-14T03:30:00Z,BTCUSDT,41019.97,41058.19,40959.8,40977.63,143.22
2026-01-14T03:30:00Z,ETHUSDT,2324.63,2325.27,2321.99,2322.74,377.68
2026-01-14T03:45:00Z,BTCUSDT,40977.63,41013.24,40853.67,40888.94,321.31
2026-01-14T03:45:00Z,ETHUSDT,2322.74,2327.11,2314.41,2318.87,590.79
2026-01-14T04:00:00Z,BTCUSDT,40888.94,40922.81,40837.73,40856.84,331.63
2026-01-14T04:00:00Z,ETHUSDT,2318.87,2320.2,2316.59,2318.11,338.82
2026-01-14T04:15:00Z,BTCUSDT,40856.84,40955.64,40832.37,40916.29,326.26
2026-01-14T04:15:00Z,ETHUSDT,2318.11,2324.89,2316.52,2323.14,199.22
2026-01-14T04:30:00Z,BTCUSDT,40916.29,40927.16,40903.09,40911.51,431.1
2026-01-14T04:30:00Z,ETHUSDT,2323.14,2336.06,2319.43,2328.93,490.53
2026-01-14T04:45:00Z,BTCUSDT,40911.51,40964.47,40850.34,40879.86,187.27
2026-01-14T04:45:00Z,ETHUSDT,2328.93,2330.45,2327.55,2329.23,341.57
2026-01-14T05:00:00Z,BTCUSDT,40879.86,40915.49,40837.08,40899.02,491.58
2026-01-14T05:00:00Z,ETHUSDT,2329.23,2331.97,2327.37,2330.84,446.24
2026-01-14T05:15:00Z,BTCUSDT,40899.02,40967.91,40752.27,40783.86,711.71
2026-01-14T05:15:00Z,ETHUSDT,2330.84,2337.26,2318.05,2321.38,798.29
2026-01-14T05:30:00Z,BTCUSDT,40783.86,40790.46,40726.2,40754.44,203.25
2026-01-14T05:30:00Z,ETHUSDT,2321.38,2322.7,2314.48,2315.91,305.9
2026-01-14T05:45:00Z,BTCUSDT,40754.44,40811.87,40666.04,40687.22,399.67
2026-01-14T05:45:00Z,ETHUSDT,2315.91,2318.8,2307.83,2309.81,771.32
2026-01-14T06:00:00Z,BTCUSDT,40687.22,40746.09,40675.26,40724.43,536.68
2026-01-14T06:00:00Z,ETHUSDT,2309.81,2318.87,2306.25,2314.68,214.22
2026-01-14T06:15:00Z,BTCUSDT,40724.43,40777.91,40621.56,40667.41,528.49
2026-01-14T06:15:00Z,ETHUSDT,2314.68,2316.6,2308.19,2310.42,622.49
2026-01-14T06:30:00Z,BTCUSDT,40667.41,40690.33,40616.69,40650.73,302.5
2026-01-14T06:30:00Z,ETHUSDT,2310.42,2311.57,2306.81,2308.6,442.12
2026-01-14T06:45:00Z,BTCUSDT,40650.73,40680.87,40627.3,40647.23,589.16
2026-01-14T06:45:00Z,ETHUSDT,2308.6,2312.85,2307.17,2310.84,233.81
2026-01-14T07:00:00Z,BTCUSDT,40647.23,40675.98,40582.47,40616.95,261.95
2026-01-14T07:00:00Z,ETHUSDT,2310.84,2314.01,2307.82,2311.66,501.53
2026-01-14T07:15:00Z,BTCUSDT,40616.95,40637.05,40449.15,40538.41,584.98
2026-01-14T07:15:00Z,ETHUSDT,2311.66,2313.1,2301.34,2303.81,802.61
2026-01-14T07:30:00Z,BTCUSDT,40538.41,40572.44,40405.94,40433.63,333.76
2026-01-14T07:30:00Z,ETHUSDT,2303.81,2304.42,2296.32,2297.87,303.97
2026-01-14T07:45:00Z,BTCUSDT,40433.63,40498.88,40331.61,40352.66,727.01
2026-01-14T07:45:00Z,ETHUSDT,2297.87,2298.96,2292.36,2293.22,366.61
2026-01-14T08:00:00Z,BTCUSDT,40352.66,40402.12,40297.47,40363.45,136.85
2026-01-14T08:00:00Z,ETHUSDT,2293.22,2295.45,2291.69,2294.93,384.16
2026-01-14T08:15:00Z,BTCUSDT,40363.45,40464.72,40307.13,40445.99,399.49
2026-01-14T08:15:00Z,ETHUSDT,2294.93,2309.03,2292.73,2307.2,545.06
2026-01-14T08:30:00Z,BTCUSDT,40445.99,40500.36,40342.42,40366.88,613.03
2026-01-14T08:30:00Z,ETHUSDT,2307.2,2308.32,2306.99,2307.68,140.88
2026-01-14T08:45:00Z,BTCUSDT,40366.88,40450.95,40339.55,40401.21,161.62
2026-01-14T08:45:00Z,ETHUSDT,2307.68,2318.51,2303.1,2312.59,350.0
2026-01-14T09:00:00Z,BTCUSDT,40401.21,40432.95,40297.11,40304.03,454.62
2026-01-14T09:00:00Z,ETHUSDT,2312.59,2313.62,2302.33,2305.91,247.87
2026-01-14T09:15:00Z,BTCUSDT,40304.03,40496.67,39883.61,40074.75,233.86
2026-01-14T09:15:00Z,ETHUSDT,2305.91,2308.73,2288.4,2292.42,688.08
2026-01-14T09:30:00Z,BTCUSDT,40074.75,40140.09,39882.85,39941.81,600.49
2026-01-14T09:30:00Z,ETHUSDT,2292.42,2296.72,2280.19,2282.94,243.7
2026-01-14T09:45:00Z,BTCUSDT,39941.81,40107.66,39896.1,40042.22,450.94
2026-01-14T09:45:00Z,ETHUSDT,2282.94,2284.81,2281.5,2282.53,480.04
2026-01-14T10:00:00Z,BTCUSDT,40042.22,40077.6,39786.83,39890.57,818.85
2026-01-14T10:00:00Z,ETHUSDT,2282.53,2293.52,2261.38,2272.74,218.79
2026-01-14T10:15:00Z,BTCUSDT,39890.57,39955.58,39880.82,39936.97,595.96
2026-01-14T10:15:00Z,ETHUSDT,2272.74,2281.71,2268.78,2279.67,219.29
2026-01-14T10:30:00Z,BTCUSDT,39936.97,40017.01,39663.28,39738.12,395.9
2026-01-14T10:30:00Z,ETHUSDT,2279.67,2281.02,2257.13,2262.95,567.17
2026-01-14T10:45:00Z,BTCUSDT,39738.12,39808.06,39639.44,39687.81,675.11
2026-01-14T10:45:00Z,ETHUSDT,2262.95,2264.48,2258.57,2260.28,285.09
2026-01-14T11:00:00Z,BTCUSDT,39687.81,39716.03,39565.52,39590.57,553.58
2026-01-14T11:00:00Z,ETHUSDT,2260.28,2262.54,2253.29,2256.14,251.04
2026-01-14T11:15:00Z,BTCUSDT,39590.57,39802.67,39506.35,39715.55,572.81
2026-01-14T11:15:00Z,ETHUSDT,2256.14,2282.13,2248.0,2269.35,565.46
2026-01-14T11:30:00Z,BTCUSDT,39715.55,39751.39,39695.76,39730.72,130.46
2026-01-14T11:30:00Z,ETHUSDT,2269.35,2275.12,2265.8,2270.97,572.13
2026-01-14T11:45:00Z,BTCUSDT,39730.72,39933.67,39670.88,39885.8,175.46
2026-01-14T11:45:00Z,ETHUSDT,2270.97,2287.34,2265.25,2282.8,778.63
2026-01-14T12:00:00Z,BTCUSDT,39885.8,39925.15,39753.7,39772.47,496.32
2026-01-14T12:00:00Z,ETHUSDT,2282.8,2288.65,2265.74,2274.09,719.9
2026-01-14T12:15:00Z,BTCUSDT,39772.47,39789.65,39751.36,39773.32,437.12
2026-01-14T12:15:00Z,ETHUSDT,2274.09,2275.57,2270.39,2271.83,534.29
2026-01-14T12:30:00Z,BTCUSDT,39773.32,39789.96,39697.12,39737.87,523.72
2026-01-14T12:30:00Z,ETHUSDT,2271.83,2273.79,2267.29,2268.12,280.76
2026-01-14T12:45:00Z,BTCUSDT,39737.87,39791.12,39515.2,39555.16,621.38
2026-01-14T12:45:00Z,ETHUSDT,2268.12,2278.74,2253.76,2257.42,613.78
2026-01-14T13:00:00Z,BTCUSDT,39555.16,39581.76,39528.41,39565.02,257.73
2026-01-14T13:00:00Z,ETHUSDT,2257.42,2262.16,2255.28,2259.12,563.99
2026-01-14T13:15:00Z,BTCUSDT,39565.02,39770.92,39278.7,39359.53,282.16
2026-01-14T13:15:00Z,ETHUSDT,2259.12,2270.14,2236.07,2238.52,488.33
2026-01-14T13:30:00Z,BTCUSDT,39359.53,39605.47,39244.08,39556.39,585.48
2026-01-14T13:30:00Z,ETHUSDT,2238.52,2256.49,2233.73,2251.75,695.67
2026-01-14T13:45:00Z,BTCUSDT,39556.39,39643.99,39513.21,39577.9,370.99
2026-01-14T13:45:00Z,ETHUSDT,2251.75,2257.36,2249.08,2255.1,640.31
2026-01-14T14:00:00Z,BTCUSDT,39577.9,39636.79,39504.45,39524.1,380.84
2026-01-14T14:00:00Z,ETHUSDT,2255.1,2256.17,2248.12,2250.28,534.07
2026-01-14T14:15:00Z,BTCUSDT,39524.1,39634.99,39500.21,39591.4,204.09
2026-01-14T14:15:00Z,ETHUSDT,2250.28,2259.21,2248.61,2256.31,353.36
2026-01-14T14:30:00Z,BTCUSDT,39591.4,39682.32,39233.09,39309.58,788.81
2026-01-14T14:30:00Z,ETHUSDT,2256.31,2268.27,2235.15,2241.26,449.25
2026-01-14T14:45:00Z,BTCUSDT,39309.58,39439.0,39294.87,39403.78,654.96
2026-01-14T14:45:00Z,ETHUSDT,2241.26,2247.84,2240.12,2246.71,522.78
2026-01-14T15:00:00Z,BTCUSDT,39403.78,39463.95,39360.37,39423.8,379.78
2026-01-14T15:00:00Z,ETHUSDT,2246.71,2250.56,2245.25,2248.17,139.61
2026-01-14T15:15:00Z,BTCUSDT,39423.8,39455.85,39355.9,39371.57,161.03
2026-01-14T15:15:00Z,ETHUSDT,2248.17,2250.78,2244.25,2244.83,548.54
2026-01-14T15:30:00Z,BTCUSDT,39371.57,39625.19,39339.51,39534.6,373.12
2026-01-14T15:30:00Z,ETHUSDT,2244.83,2261.3,2240.0,2256.95,839.09
2026-01-14T15:45:00Z,BTCUSDT,39534.6,39608.4,39517.51,39586.84,585.31
2026-01-14T15:45:00Z,ETHUSDT,2256.95,2266.51,2254.58,2262.19,652.83
2026-01-14T16:00:00Z,BTCUSDT,39586.84,39661.88,39571.96,39626.03,252.35
2026-01-14T16:00:00Z,ETHUSDT,2262.19,2270.23,2260.56,2268.51,404.43
2026-01-14T16:15:00Z,BTCUSDT,39626.03,39873.09,39572.64,39746.38,205.47
2026-01-14T16:15:00Z,ETHUSDT,2268.51,2277.81,2260.8,2274.89,368.86
2026-01-14T16:30:00Z,BTCUSDT,39746.38,39975.62,39665.93,39903.98,167.69
2026-01-14T16:30:00Z,ETHUSDT,2274.89,2299.92,2261.69,2289.64,432.93
2026-01-14T16:45:00Z,BTCUSDT,39903.98,39953.29,39880.95,39911.84,309.07
2026-01-14T16:45:00Z,ETHUSDT,2289.64,2298.02,2284.96,2293.36,280.99
2026-01-14T17:00:00Z,BTCUSDT,39911.84,39926.27,39881.86,39898.39,250.51
2026-01-14T17:00:00Z,ETHUSDT,2293.36,2296.26,2291.44,2295.03,354.69
2026-01-14T17:15:00Z,BTCUSDT,39898.39,40058.19,39829.73,39983.94,315.05
2026-01-14T17:15:00Z,ETHUSDT,2295.03,2311.03,2292.76,2306.48,498.13
2026-01-14T17:30:00Z,BTCUSDT,39983.94,40040.37,39934.18,39990.56,521.91
2026-01-14T17:30:00Z,ETHUSDT,2306.48,2309.3,2305.52,2307.01,457.77
2026-01-14T17:45:00Z,BTCUSDT,39990.56,40141.14,39976.35,40118.89,256.16
2026-01-14T17:45:00Z,ETHUSDT,2307.01,2320.61,2303.51,2317.48,562.47
2026-01-14T18:00:00Z,BTCUSDT,40118.89,40217.11,40072.77,40187.18,165.76
2026-01-14T18:00:00Z,ETHUSDT,2317.48,2321.15,2315.13,2319.55,360.37
2026-01-14T18:15:00Z,BTCUSDT,40187.18,40217.7,39975.75,40073.95,662.43
2026-01-14T18:15:00Z,ETHUSDT,2319.55,2322.91,2306.5,2309.77,301.99
2026-01-14T18:30:00Z,BTCUSDT,40073.95,40143.01,39867.85,39904.29,802.85
2026-01-14T18:30:00Z,ETHUSDT,2309.77,2314.35,2294.94,2299.93,839.22
2026-01-14T18:45:00Z,BTCUSDT,39904.29,39985.36,39844.47,39969.69,374.86
2026-01-14T18:45:00Z,ETHUSDT,2299.93,2310.23,2294.34,2308.14,280.12
2026-01-14T19:00:00Z,BTCUSDT,39969.69,40002.45,39863.09,39892.44,454.46
2026-01-14T19:00:00Z,ETHUSDT,2308.14,2310.68,2306.76,2308.89,146.03
2026-01-14T19:15:00Z,BTCUSDT,39892.44,39945.87,39826.68,39919.21,647.22
2026-01-14T19:15:00Z,ETHUSDT,2308.89,2318.26,2305.75,2314.74,232.04
2026-01-14T19:30:00Z,BTCUSDT,39919.21,40193.33,39864.55,40111.86,361.76
2026-01-14T19:30:00Z,ETHUSDT,2314.74,2339.56,2307.41,2326.76,689.62
2026-01-14T19:45:00Z,BTCUSDT,40111.86,40306.24,40006.5,40243.27,488.56
2026-01-14T19:45:00Z,ETHUSDT,2326.76,2344.76,2322.47,2342.81,444.01
2026-01-14T20:00:00Z,BTCUSDT,40243.27,40333.01,40223.04,40287.33,134.89
2026-01-14T20:00:00Z,ETHUSDT,2342.81,2343.4,2342.53,2342.85,616.58
2026-01-14T20:15:00Z,BTCUSDT,40287.33,40330.18,40142.54,40157.56,343.05
2026-01-14T20:15:00Z,ETHUSDT,2342.85,2344.31,2330.9,2334.52,184.74
2026-01-14T20:30:00Z,BTCUSDT,40157.56,40219.04,39940.61,40029.01,293.13
2026-01-14T20:30:00Z,ETHUSDT,2334.52,2338.58,2304.06,2320.93,794.32
2026-01-14T20:45:00Z,BTCUSDT,40029.01,40194.4,39684.15,39863.98,709.82
2026-01-14T20:45:00Z,ETHUSDT,2320.93,2332.3,2295.28,2300.86,933.44
2026-01-14T21:00:00Z,BTCUSDT,39863.98,39905.31,39723.43,39760.97,520.0
2026-01-14T21:00:00Z,ETHUSDT,2300.86,2303.07,2294.85,2296.75,681.23
2026-01-14T21:15:00Z,BTCUSDT,39760.97,39828.29,39752.84,39801.5,259.5
2026-01-14T21:15:00Z,ETHUSDT,2296.75,2302.49,2295.42,2299.61,182.2
2026-01-14T21:30:00Z,BTCUSDT,39801.5,39827.53,39611.21,39699.79,157.83
2026-01-14T21:30:00Z,ETHUSDT,2299.61,2300.86,2289.54,2293.19,320.86
2026-01-14T21:45:00Z,BTCUSDT,39699.79,39859.94,39652.54,39809.79,349.32
2026-01-14T21:45:00Z,ETHUSDT,2293.19,2301.49,2287.8,2299.5,776.52
2026-01-14T22:00:00Z,BTCUSDT,39809.79,40026.98,39617.06,39965.26,230.54
2026-01-14T22:00:00Z,ETHUSDT,2299.5,2314.75,2296.07,2308.73,208.1
2026-01-14T22:15:00Z,BTCUSDT,39965.26,40233.93,39932.22,40130.79,674.81
2026-01-14T22:15:00Z,ETHUSDT,2308.73,2332.81,2299.17,2320.8,366.73
2026-01-14T22:30:00Z,BTCUSDT,40130.79,40175.69,40036.45,40080.92,570.75
2026-01-14T22:30:00Z,ETHUSDT,2320.8,2323.54,2315.78,2318.52,590.86
2026-01-14T22:45:00Z,BTCUSDT,40080.92,40131.67,39909.06,39948.54,288.4
2026-01-14T22:45:00Z,ETHUSDT,2318.52,2320.16,2309.21,2310.88,763.38
2026-01-14T23:00:00Z,BTCUSDT,39948.54,39997.32,39882.76,39917.6,409.39
2026-01-14T23:00:00Z,ETHUSDT,2310.88,2313.1,2309.29,2310.78,207.68
2026-01-14T23:15:00Z,BTCUSDT,39917.6,39975.2,39859.57,39905.75,188.34
2026-01-14T23:15:00Z,ETHUSDT,2310.78,2315.82,2308.37,2313.6,219.33
2026-01-14T23:30:00Z,BTCUSDT,39905.75,39950.65,39847.11,39880.03,202.56
2026-01-14T23:30:00Z,ETHUSDT,2313.6,2316.85,2306.91,2309.09,568.54
2026-01-14T23:45:00Z,BTCUSDT,39880.03,39922.92,39787.2,39834.09,377.91
2026-01-14T23:45:00Z,ETHUSDT,2309.09,2310.36,2307.08,2307.97,390.41
2026-01-15T00:00:00Z,BTCUSDT,39834.09,39898.04,39591.7,39642.72,607.51
2026-01-15T00:00:00Z,ETHUSDT,2307.97,2313.3,2285.82,2288.93,849.25
2026-01-15T00:15:00Z,BTCUSDT,39642.72,39698.68,39256.99,39339.28,585.26
2026-01-15T00:15:00Z,ETHUSDT,2288.93,2290.93,2257.92,2265.02,683.19
2026-01-15T00:30:00Z,BTCUSDT,39339.28,39351.08,39307.44,39333.9,324.6
2026-01-15T00:30:00Z,ETHUSDT,2265.02,2267.62,2252.75,2258.49,241.82
2026-01-15T00:45:00Z,BTCUSDT,39333.9,39395.06,39314.18,39381.18,342.46
2026-01-15T00:45:00Z,ETHUSDT,2258.49,2268.51,2251.46,2266.39,397.16
2026-01-15T01:00:00Z,BTCUSDT,39381.18,39493.69,39362.77,39431.82,378.19
2026-01-15T01:00:00Z,ETHUSDT,2266.39,2271.7,2264.8,2270.61,235.14
2026-01-15T01:15:00Z,BTCUSDT,39431.82,39470.47,39154.32,39271.85,691.89
2026-01-15T01:15:00Z,ETHUSDT,2270.61,2282.54,2247.02,2257.22,920.14
2026-01-15T01:30:00Z,BTCUSDT,39271.85,39287.49,39201.01,39267.33,223.94
2026-01-15T01:30:00Z,ETHUSDT,2257.22,2258.09,2251.86,2253.41,554.65
2026-01-15T01:45:00Z,BTCUSDT,39267.33,39316.56,39254.98,39306.95,311.35
2026-01-15T01:45:00Z,ETHUSDT,2253.41,2258.29,2251.99,2256.25,710.17
2026-01-15T02:00:00Z,BTCUSDT,39306.95,39375.59,39274.59,39341.09,566.49
2026-01-15T02:00:00Z,ETHUSDT,2256.25,2258.41,2248.89,2250.03,713.85
2026-01-15T02:15:00Z,BTCUSDT,39341.09,39400.94,39219.56,39295.41,609.9
2026-01-15T02:15:00Z,ETHUSDT,2250.03,2252.4,2243.55,2246.11,519.74
2026-01-15T02:30:00Z,BTCUSDT,39295.41,39391.73,39035.04,39090.39,738.65
2026-01-15T02:30:00Z,ETHUSDT,2246.11,2255.57,2228.81,2233.2,191.95
2026-01-15T02:45:00Z,BTCUSDT,39090.39,39170.86,38921.01,38973.89,765.16
2026-01-15T02:45:00Z,ETHUSDT,2233.2,2235.84,2220.79,2225.07,721.58
2026-01-15T03:00:00Z,BTCUSDT,38973.89,39212.4,38885.88,39126.94,454.31
2026-01-15T03:00:00Z,ETHUSDT,2225.07,2238.35,2217.92,2233.22,386.81
2026-01-15T03:15:00Z,BTCUSDT,39126.94,39419.35,39079.11,39309.49,269.58
2026-01-15T03:15:00Z,ETHUSDT,2233.22,2254.89,2228.35,2244.96,874.41
2026-01-15T03:30:00Z,BTCUSDT,39309.49,39335.96,39230.63,39262.43,451.57
2026-01-15T03:30:00Z,ETHUSDT,2244.96,2247.54,2239.25,2240.91,727.43
2026-01-15T03:45:00Z,BTCUSDT,39262.43,39490.19,39227.37,39383.26,257.58
2026-01-15T03:45:00Z,ETHUSDT,2240.91,2252.82,2237.08,2248.59,812.13
2026-01-15T04:00:00Z,BTCUSDT,39383.26,39752.87,39293.72,39686.28,431.25
2026-01-15T04:00:00Z,ETHUSDT,2248.59,2273.26,2242.84,2267.94,875.71
2026-01-15T04:15:00Z,BTCUSDT,39686.28,39696.26,39537.63,39573.89,305.53
2026-01-15T04:15:00Z,ETHUSDT,2267.94,2270.87,2256.09,2261.38,536.98
2026-01-15T04:30:00Z,BTCUSDT,39573.89,39591.91,39467.37,39512.0,345.67
2026-01-15T04:30:00Z,ETHUSDT,2261.38,2263.51,2260.83,2261.99,272.83
2026-01-15T04:45:00Z,BTCUSDT,39512.0,39568.19,39481.07,39554.07,567.25
2026-01-15T04:45:00Z,ETHUSDT,2261.99,2262.85,2258.2,2259.16,432.11
2026-01-15T05:00:00Z,BTCUSDT,39554.07,39662.81,39508.62,39605.62,616.69
2026-01-15T05:00:00Z,ETHUSDT,2259.16,2267.52,2255.64,2264.04,251.62
2026-01-15T05:15:00Z,BTCUSDT,39605.62,39774.0,39270.4,39424.87,251.43
2026-01-15T05:15:00Z,ETHUSDT,2264.04,2274.51,2238.31,2249.36,428.65
2026-01-15T05:30:00Z,BTCUSDT,39424.87,39514.81,39241.2,39297.2,691.88
2026-01-15T05:30:00Z,ETHUSDT,2249.36,2252.87,2234.58,2236.5,488.13
2026-01-15T05:45:00Z,BTCUSDT,39297.2,39623.24,39167.32,39564.37,953.49
2026-01-15T05:45:00Z,ETHUSDT,2236.5,2273.65,2227.68,2258.2,309.56
2026-01-15T06:00:00Z,BTCUSDT,39564.37,39694.14,39497.85,39636.38,647.65
2026-01-15T06:00:00Z,ETHUSDT,2258.2,2258.56,2257.04,2257.73,223.56
2026-01-15T06:15:00Z,BTCUSDT,39636.38,39655.99,39539.48,39557.11,318.98
2026-01-15T06:15:00Z,ETHUSDT,2257.73,2259.95,2251.3,2253.75,538.89
2026-01-15T06:30:00Z,BTCUSDT,39557.11,39724.25,39472.97,39666.49,364.32
2026-01-15T06:30:00Z,ETHUSDT,2253.75,2257.61,2251.87,2255.5,565.57
2026-01-15T06:45:00Z,BTCUSDT,39666.49,39774.46,39621.11,39745.89,381.99
2026-01-15T06:45:00Z,ETHUSDT,2255.5,2264.81,2253.59,2261.08,639.38
2026-01-15T07:00:00Z,BTCUSDT,39745.89,39925.43,39642.18,39892.34,341.0
2026-01-15T07:00:00Z,ETHUSDT,2261.08,2280.86,2258.89,2274.16,335.03
2026-01-15T07:15:00Z,BTCUSDT,39892.34,39908.08,39865.32,39873.64,570.41
2026-01-15T07:15:00Z,ETHUSDT,2274.16,2278.19,2273.3,2276.35,495.01
2026-01-15T07:30:00Z,BTCUSDT,39873.64,40005.09,39557.5,39635.38,414.61
2026-01-15T07:30:00Z,ETHUSDT,2276.35,2281.01,2243.16,2254.49,905.5
2026-01-15T07:45:00Z,BTCUSDT,39635.38,39710.71,39592.05,39676.76,323.96
2026-01-15T07:45:00Z,ETHUSDT,2254.49,2263.58,2251.69,2259.35,702.07
2026-01-15T08:00:00Z,BTCUSDT,39676.76,39822.32,39621.24,39800.63,538.02
2026-01-15T08:00:00Z,ETHUSDT,2259.35,2271.05,2256.97,2266.84,687.65
2026-01-15T08:15:00Z,BTCUSDT,39800.63,39853.92,39762.64,39784.1,618.5
2026-01-15T08:15:00Z,ETHUSDT,2266.84,2271.06,2264.22,2268.28,280.37
2026-01-15T08:30:00Z,BTCUSDT,39784.1,39806.0,39613.36,39657.44,816.6
2026-01-15T08:30:00Z,ETHUSDT,2268.28,2271.56,2241.15,2253.22,215.95
2026-01-15T08:45:00Z,BTCUSDT,39657.44,39691.83,39607.24,39633.08,592.51
2026-01-15T08:45:00Z,ETHUSDT,2253.22,2258.09,2251.82,2256.54,554.93
2026-01-15T09:00:00Z,BTCUSDT,39633.08,39668.15,39460.88,39527.39,757.99
2026-01-15T09:00:00Z,ETHUSDT,2256.54,2260.21,2249.13,2251.44,735.35
2026-01-15T09:15:00Z,BTCUSDT,39527.39,39953.03,39434.57,39826.04,1043.05
2026-01-15T09:15:00Z,ETHUSDT,2251.44,2282.25,2233.51,2275.97,688.57
2026-01-15T09:30:00Z,BTCUSDT,39826.04,40170.74,39765.4,40075.39,506.13
2026-01-15T09:30:00Z,ETHUSDT,2275.97,2299.92,2268.6,2290.41,656.73
2026-01-15T09:45:00Z,BTCUSDT,40075.39,40351.76,39916.43,40225.48,668.18
2026-01-15T09:45:00Z,ETHUSDT,2290.41,2307.07,2284.68,2304.16,816.95
2026-01-15T10:00:00Z,BTCUSDT,40225.48,40698.63,40131.66,40505.17,449.01
2026-01-15T10:00:00Z,ETHUSDT,2304.16,2339.01,2294.99,2325.27,646.98
2026-01-15T10:15:00Z,BTCUSDT,40505.17,40568.5,40166.96,40209.95,914.49
2026-01-15T10:15:00Z,ETHUSDT,2325.27,2340.1,2284.04,2300.8,374.55
2026-01-15T10:30:00Z,BTCUSDT,40209.95,40268.06,40174.85,40235.55,366.03
2026-01-15T10:30:00Z,ETHUSDT,2300.8,2302.42,2296.79,2300.11,250.55
2026-01-15T10:45:00Z,BTCUSDT,40235.55,40746.85,39179.33,39606.87,1519.34
2026-01-15T10:45:00Z,ETHUSDT,2300.11,2313.31,2234.75,2250.4,581.81
2026-01-15T11:00:00Z,BTCUSDT,39606.87,39638.05,39489.47,39511.29,420.28
2026-01-15T11:00:00Z,ETHUSDT,2250.4,2252.37,2244.25,2245.86,226.77
2026-01-15T11:15:00Z,BTCUSDT,39511.29,39862.21,39471.79,39824.44,437.51
2026-01-15T11:15:00Z,ETHUSDT,2245.86,2276.44,2240.48,2267.34,237.71
2026-01-15T11:30:00Z,BTCUSDT,39824.44,40103.2,38851.39,39253.47,564.38
2026-01-15T11:30:00Z,ETHUSDT,2267.34,2280.77,2203.45,2225.43,690.37
2026-01-15T11:45:00Z,BTCUSDT,39253.47,39366.26,38911.4,38985.52,1031.29
2026-01-15T11:45:00Z,ETHUSDT,2225.43,2229.3,2196.22,2203.01,1131.01
2026-01-15T12:00:00Z,BTCUSDT,38985.52,39149.75,38912.62,39124.86,426.19
2026-01-15T12:00:00Z,ETHUSDT,2203.01,2223.5,2197.26,2213.59,381.95
2026-01-15T12:15:00Z,BTCUSDT,39124.86,39193.44,39069.27,39157.32,350.9
2026-01-15T12:15:00Z,ETHUSDT,2213.59,2215.87,2209.05,2211.42,461.72
2026-01-15T12:30:00Z,BTCUSDT,39157.32,39332.82,38714.1,38821.34,1107.0
2026-01-15T12:30:00Z,ETHUSDT,2211.42,2221.42,2173.55,2186.01,550.8
2026-01-15T12:45:00Z,BTCUSDT,38821.34,38904.42,38651.15,38675.95,354.57
2026-01-15T12:45:00Z,ETHUSDT,2186.01,2196.7,2171.8,2174.77,527.88
2026-01-15T13:00:00Z,BTCUSDT,38675.95,38906.49,37988.44,38356.59,978.31
2026-01-15T13:00:00Z,ETHUSDT,2174.77,2179.8,2148.45,2151.73,764.57
2026-01-15T13:15:00Z,BTCUSDT,38356.59,38412.8,38124.69,38186.95,351.36
2026-01-15T13:15:00Z,ETHUSDT,2151.73,2155.37,2136.75,2139.0,871.08
2026-01-15T13:30:00Z,BTCUSDT,38186.95,38282.22,37672.01,37933.04,526.16
2026-01-15T13:30:00Z,ETHUSDT,2139.0,2143.84,2115.63,2118.02,588.57
2026-01-15T13:45:00Z,BTCUSDT,37933.04,38031.14,37918.53,38015.9,483.81
2026-01-15T13:45:00Z,ETHUSDT,2118.02,2131.79,2113.94,2125.87,357.94
2026-01-15T14:00:00Z,BTCUSDT,38015.9,38055.57,37670.6,37757.01,719.51
2026-01-15T14:00:00Z,ETHUSDT,2125.87,2132.61,2083.81,2106.56,502.78
2026-01-15T14:15:00Z,BTCUSDT,37757.01,37851.56,37562.09,37639.48,646.25
2026-01-15T14:15:00Z,ETHUSDT,2106.56,2112.8,2095.08,2099.92,312.39
2026-01-15T14:30:00Z,BTCUSDT,37639.48,37920.52,37540.69,37834.07,388.95
2026-01-15T14:30:00Z,ETHUSDT,2099.92,2126.97,2086.81,2112.74,832.26
2026-01-15T14:45:00Z,BTCUSDT,37834.07,38208.07,37734.17,38033.52,811.47
2026-01-15T14:45:00Z,ETHUSDT,2112.74,2134.72,2106.97,2129.23,794.41
2026-01-15T15:00:00Z,BTCUSDT,38033.52,38096.71,37730.42,37821.73,885.85
2026-01-15T15:00:00Z,ETHUSDT,2129.23,2138.74,2098.48,2111.06,473.39
2026-01-15T15:15:00Z,BTCUSDT,37821.73,37833.15,37776.94,37790.48,474.96
2026-01-15T15:15:00Z,ETHUSDT,2111.06,2114.66,2105.62,2107.02,145.87
2026-01-15T15:30:00Z,BTCUSDT,37790.48,37872.93,37550.45,37644.27,226.16
2026-01-15T15:30:00Z,ETHUSDT,2107.02,2108.45,2092.05,2095.87,259.42
2026-01-15T15:45:00Z,BTCUSDT,37644.27,37695.01,37338.79,37384.01,392.32
2026-01-15T15:45:00Z,ETHUSDT,2095.87,2110.02,2072.18,2075.61,1116.38
2026-01-15T16:00:00Z,BTCUSDT,37384.01,37449.89,37368.88,37429.22,591.12
2026-01-15T16:00:00Z,ETHUSDT,2075.61,2080.79,2072.86,2078.38,266.64
2026-01-15T16:15:00Z,BTCUSDT,37429.22,37463.26,37290.28,37331.84,308.56
2026-01-15T16:15:00Z,ETHUSDT,2078.38,2087.74,2064.51,2068.55,456.31
2026-01-15T16:30:00Z,BTCUSDT,37331.84,37479.54,37028.45,37192.32,645.05
2026-01-15T16:30:00Z,ETHUSDT,2068.55,2075.17,2048.78,2057.04,564.7
2026-01-15T16:45:00Z,BTCUSDT,37192.32,37349.67,37134.5,37284.76,672.22
2026-01-15T16:45:00Z,ETHUSDT,2057.04,2078.46,2052.68,2070.49,350.68
2026-01-15T17:00:00Z,BTCUSDT,37284.76,37362.25,37269.01,37332.61,581.23
2026-01-15T17:00:00Z,ETHUSDT,2070.49,2077.84,2067.34,2074.92,236.52
2026-01-15T17:15:00Z,BTCUSDT,37332.61,37367.42,37265.88,37303.99,382.16
2026-01-15T17:15:00Z,ETHUSDT,2074.92,2078.58,2073.46,2077.57,512.88
2026-01-15T17:30:00Z,BTCUSDT,37303.99,37375.29,37161.76,37199.38,642.11
2026-01-15T17:30:00Z,ETHUSDT,2077.57,2084.7,2060.14,2067.54,741.14
2026-01-15T17:45:00Z,BTCUSDT,37199.38,37236.77,37183.63,37224.38,279.73
2026-01-15T17:45:00Z,ETHUSDT,2067.54,2073.6,2066.97,2073.08,616.19
2026-01-15T18:00:00Z,BTCUSDT,37224.38,37442.14,37107.75,37378.93,486.92
2026-01-15T18:00:00Z,ETHUSDT,2073.08,2086.07,2069.59,2083.19,208.83
2026-01-15T18:15:00Z,BTCUSDT,37378.93,37437.21,37211.91,37234.73,514.52
2026-01-15T18:15:00Z,ETHUSDT,2083.19,2096.32,2059.65,2070.89,304.69
2026-01-15T18:30:00Z,BTCUSDT,37234.73,37366.46,37163.65,37305.16,375.36
2026-01-15T18:30:00Z,ETHUSDT,2070.89,2080.52,2068.89,2076.66,564.75
2026-01-15T18:45:00Z,BTCUSDT,37305.16,37437.44,37229.19,37412.69,273.74
2026-01-15T18:45:00Z,ETHUSDT,2076.66,2087.67,2073.4,2084.83,858.96
2026-01-15T19:00:00Z,BTCUSDT,37412.69,37426.73,37380.33,37402.48,431.43
2026-01-15T19:00:00Z,ETHUSDT,2084.83,2089.4,2073.25,2078.08,435.81
2026-01-15T19:15:00Z,BTCUSDT,37402.48,37595.6,37335.58,37505.45,411.08
2026-01-15T19:15:00Z,ETHUSDT,2078.08,2087.36,2076.71,2082.29,733.18
2026-01-15T19:30:00Z,BTCUSDT,37505.45,37817.16,37293.47,37672.97,537.03
2026-01-15T19:30:00Z,ETHUSDT,2082.29,2101.94,2077.14,2095.25,604.54
2026-01-15T19:45:00Z,BTCUSDT,37672.97,37692.26,37651.35,37679.05,266.75
2026-01-15T19:45:00Z,ETHUSDT,2095.25,2106.75,2089.89,2102.66,438.93
2026-01-15T20:00:00Z,BTCUSDT,37679.05,37819.72,37625.74,37757.03,279.1
2026-01-15T20:00:00Z,ETHUSDT,2102.66,2108.84,2100.52,2106.53,501.49
2026-01-15T20:15:00Z,BTCUSDT,37757.03,37779.53,37743.86,37758.59,434.91
2026-01-15T20:15:00Z,ETHUSDT,2106.53,2111.74,2105.6,2109.96,412.57
2026-01-15T20:30:00Z,BTCUSDT,37758.59,37874.29,37573.93,37629.57,262.0
2026-01-15T20:30:00Z,ETHUSDT,2109.96,2110.69,2104.84,2106.09,243.77
2026-01-15T20:45:00Z,BTCUSDT,37629.57,37728.13,37617.8,37711.29,680.15
2026-01-15T20:45:00Z,ETHUSDT,2106.09,2114.66,2103.96,2110.65,154.43
2026-01-15T21:00:00Z,BTCUSDT,37711.29,37831.92,37627.31,37778.35,626.96
2026-01-15T21:00:00Z,ETHUSDT,2110.65,2120.84,2108.5,2119.3,506.17
2026-01-15T21:15:00Z,BTCUSDT,37778.35,37848.35,37748.46,37792.3,321.87
2026-01-15T21:15:00Z,ETHUSDT,2119.3,2123.48,2116.86,2122.71,586.11
2026-01-15T21:30:00Z,BTCUSDT,37792.3,37937.21,37772.96,37898.5,306.45
2026-01-15T21:30:00Z,ETHUSDT,2122.71,2129.27,2119.55,2126.78,731.9
2026-01-15T21:45:00Z,BTCUSDT,37898.5,37920.53,37781.27,37807.71,354.49
2026-01-15T21:45:00Z,ETHUSDT,2126.78,2129.0,2111.95,2115.94,501.44
2026-01-15T22:00:00Z,BTCUSDT,37807.71,37874.02,37633.41,37682.34,335.17
2026-01-15T22:00:00Z,ETHUSDT,2115.94,2117.86,2104.33,2109.12,678.74
2026-01-15T22:15:00Z,BTCUSDT,37682.34,37894.27,37574.31,37839.82,564.09
2026-01-15T22:15:00Z,ETHUSDT,2109.12,2126.32,2103.12,2120.95,702.45
2026-01-15T22:30:00Z,BTCUSDT,37839.82,37956.24,37773.71,37893.65,322.96
2026-01-15T22:30:00Z,ETHUSDT,2120.95,2137.67,2110.41,2134.92,593.1
2026-01-15T22:45:00Z,BTCUSDT,37893.65,37979.48,37852.74,37959.77,486.67
2026-01-15T22:45:00Z,ETHUSDT,2134.92,2139.9,2132.64,2139.23,416.65
2026-01-15T23:00:00Z,BTCUSDT,37959.77,38137.39,37929.83,38062.2,492.47
2026-01-15T23:00:00Z,ETHUSDT,2139.23,2151.89,2133.24,2147.33,485.46
2026-01-15T23:15:00Z,BTCUSDT,38062.2,38154.58,38035.3,38095.87,200.38
2026-01-15T23:15:00Z,ETHUSDT,2147.33,2153.25,2143.48,2149.53,207.91
2026-01-15T23:30:00Z,BTCUSDT,38095.87,38182.38,37879.41,37946.4,234.62
2026-01-15T23:30:00Z,ETHUSDT,2149.53,2166.67,2126.59,2135.95,623.14
2026-01-15T23:45:00Z,BTCUSDT,37946.4,38014.0,37922.27,37993.82,702.57
2026-01-15T23:45:00Z,ETHUSDT,2135.95,2153.95,2132.02,2144.02,325.09
